Year,Round,BS,WS,BS_vs_WS,Seed_Diff,BS_Rev,BS_RankWins,BS_RankGames,BS_RankWinPct,WS_RankWins,WS_RankGames,WS_RankWinPct,BS_ScoMar,WS_ScoMar,ScoMar_Diff,BS_ATRatio,WS_ATRatio,ATRatio_Diff,BS_OppATRatio,WS_OppATRatio,OppATRatio_Diff,BS_ATRatioDiff_Ovr,WS_ATRatioDiff_Ovr,ATRatio_Diff_Ovr,BS_OffEff,WS_OffEff,OffEff_Diff,BS_DefEff,WS_DefEff,DefEff_Diff,BS_EffDiff_Ovr,WS_EffDiff_Ovr,EffDiff_Ovr
2015,1,Kentucky,Hampton,0,15,24684543,6,6,1.000,0,1,0.000,20.1,-1.2,21.3,1.359,0.752,0.607,0.564,0.74,-0.176,0.795,0.012,0.783,1.124,0.934,0.19,0.821,0.95,-0.129,0.303,-0.016,0.319
2015,1,Cincinnati,Purdue,0,1,7594044,2,2,1.000,3,7,0.429,6.3,5.3,1,0.912,1.137,-0.225,0.929,0.97,-0.041,-0.017,0.167,-0.184,1.001,1.031,-0.03,0.9,0.953,-0.053,0.101,0.078,0.023
2015,1,West Virginia,Buffalo,0,7,6416996,4,12,0.333,0,2,0.000,5.8,6.3,-0.5,1.091,1.146,-0.055,0.6,0.875,-0.275,0.491,0.271,0.22,1.025,1.056,-0.031,0.943,0.966,-0.023,0.082,0.09,-0.008
2015,1,Maryland,Valparaiso,0,9,16720500,2,4,0.500,0,0,0.000,5.7,8.3,-2.6,0.872,1.03,-0.158,0.987,0.959,0.028,-0.115,0.071,-0.186,1.037,1.044,-0.007,0.951,0.917,0.034,0.086,0.127,-0.041
2015,1,Butler,Texas,0,5,4518512,5,7,0.714,3,12,0.250,8,7.1,0.9,1.029,1.014,0.015,0.861,1.172,-0.311,0.168,-0.158,0.326,1.028,1.025,0.003,0.909,0.917,-0.008,0.119,0.108,0.011
2015,1,Notre Dame,Northeastern,0,11,3533991,6,8,0.750,0,0,0.000,12.2,3.4,8.8,1.618,1.035,0.583,1.099,1.256,-0.157,0.519,-0.221,0.74,1.179,1.046,0.133,0.994,0.995,-0.001,0.185,0.051,0.134
2015,1,Wichita State,Indiana,0,3,6847403,1,3,0.333,4,8,0.500,11.9,5.7,6.2,1.437,1.199,0.238,0.677,1.176,-0.499,0.76,0.023,0.737,1.083,1.124,-0.041,0.898,1.041,-0.143,0.185,0.083,0.102
2015,1,Kansas,New Mexico State,0,13,19141222,10,15,0.667,0,2,0.000,6.3,1.8,4.5,1.024,0.846,0.178,0.955,0.856,0.099,0.069,-0.01,0.079,1.039,1.047,-0.008,0.947,0.933,0.014,0.092,0.114,-0.022
2015,1,Wisconsin,Coastal Carolina,0,15,21309114,2,4,0.500,0,0,0.000,14.8,5.2,9.6,1.687,0.985,0.702,0.941,1.076,-0.135,0.746,-0.091,0.837,1.191,1.064,0.127,0.948,0.986,-0.038,0.243,0.078,0.165
2015,1,Oregon,Oklahoma State,0,1,8307937,2,7,0.286,5,14,0.357,3.8,3.3,0.5,1.195,0.941,0.254,1.043,0.822,0.221,0.152,0.119,0.033,1.064,1.006,0.058,1.01,0.956,0.054,0.054,0.05,0.004
2015,1,Arkansas,Wofford,0,7,16314973,0,3,0.000,0,2,0.000,7.3,5.5,1.8,1.347,1.213,0.134,0.79,0.727,0.063,0.557,0.486,0.071,1.07,1.034,0.036,0.97,0.946,0.024,0.1,0.088,0.012
2015,1,North Carolina,Harvard,0,9,20771541,6,13,0.462,0,1,0.000,8.9,4.7,4.2,1.373,1.078,0.295,0.994,0.866,0.128,0.379,0.212,0.167,1.086,0.992,0.094,0.962,0.918,0.044,0.124,0.074,0.05
2015,1,Xavier,Ole Miss,0,5,12100195,6,9,0.667,2,4,0.500,5.9,4.4,1.5,1.333,1.187,0.146,1.05,1.126,-0.076,0.283,0.061,0.222,1.077,1.047,0.03,0.989,0.984,0.005,0.088,0.063,0.025
2015,1,Baylor,Georgia State,1,11,8194470,7,12,0.583,0,1,0.000,8.5,7.5,1,1.134,1.268,-0.134,1.239,0.857,0.382,-0.105,0.411,-0.516,1.065,1.063,0.002,0.933,0.949,-0.016,0.132,0.114,0.018
2015,1,VCU,Ohio State,1,3,8325602,2,4,0.500,2,5,0.400,6.7,12.3,-5.6,1.191,1.345,-0.154,0.809,0.904,-0.095,0.382,0.441,-0.059,1.039,1.106,-0.067,0.943,0.925,0.018,0.096,0.181,-0.085
2015,1,Arizona,Texas Southern,0,13,19221755,4,4,1.000,1,2,0.500,16.9,0.1,16.8,1.26,0.826,0.434,0.707,0.981,-0.274,0.553,-0.155,0.708,1.124,1.001,0.123,0.875,1,-0.125,0.249,0.001,0.248
2015,1,Villanova,Lafayette,0,15,10373661,6,6,1.000,0,1,0.000,15.6,-0.3,15.9,1.492,1.341,0.151,0.844,1.248,-0.404,0.648,0.093,0.555,1.134,1.098,0.036,0.903,1.102,-0.199,0.231,-0.004,0.235
2015,1,NC State,LSU,0,1,13503773,3,9,0.333,2,3,0.667,4.4,5.8,-1.4,1.104,1.084,0.02,1.221,0.86,0.361,-0.117,0.224,-0.341,1.052,1.007,0.045,0.986,0.928,0.058,0.066,0.079,-0.013
2015,1,UNI,Wyoming,0,7,3560469,1,2,0.500,1,1,1.000,10.5,3.8,6.7,1.138,1.251,-0.113,0.849,0.94,-0.091,0.289,0.311,-0.022,1.094,1.001,0.093,0.917,0.938,-0.021,0.177,0.063,0.114
2015,1,Louisville,UC Irvine,0,9,45835799,3,9,0.333,0,1,0.000,9.1,3.2,5.9,1.022,1.174,-0.152,0.836,0.977,-0.141,0.186,0.197,-0.011,1.026,1.013,0.013,0.89,0.965,-0.075,0.136,0.048,0.088
2015,1,Providence,Dayton,1,5,7308255,1,6,0.167,1,2,0.500,4.2,6.9,-2.7,1.165,1.184,-0.019,0.936,0.882,0.054,0.229,0.302,-0.073,1.024,1.027,-0.003,0.962,0.923,0.039,0.062,0.104,-0.042
2015,1,Oklahoma,Albany,0,11,10907532,7,14,0.500,0,0,0.000,8.7,4.8,3.9,1.026,0.916,0.11,0.838,0.931,-0.093,0.188,-0.015,0.203,1.029,1.038,-0.009,0.903,0.961,-0.058,0.126,0.077,0.049
2015,1,Michigan State,Georgia,0,3,17836717,2,8,0.250,0,5,0.000,7.5,3.8,3.7,1.462,0.976,0.486,0.983,0.954,0.029,0.479,0.022,0.457,1.07,1.001,0.069,0.958,0.944,0.014,0.112,0.057,0.055
2015,1,Virginia,Belmont,0,13,9954632,4,7,0.571,1,1,1.000,13.9,3.1,10.8,1.361,1.105,0.256,0.863,1.063,-0.2,0.498,0.042,0.456,1.086,1.073,0.013,0.855,1.027,-0.172,0.231,0.046,0.185
2015,1,Duke,Robert Morris,0,15,33772145,7,9,0.778,0,1,0.000,15.4,0.5,14.9,1.399,0.895,0.504,0.922,0.992,-0.07,0.477,-0.097,0.574,1.172,0.999,0.173,0.946,0.992,-0.046,0.226,0.007,0.219
2015,1,San Diego State,St Johns,0,1,5523058,2,3,0.667,0,5,0.000,7.6,2.8,4.8,0.903,1.151,-0.248,0.707,1.026,-0.319,0.196,0.125,0.071,0.978,1.01,-0.032,0.857,0.969,-0.112,0.121,0.041,0.08
2015,1,Utah,SF Austin,0,7,8343112,1,5,0.200,0,0,0.000,13.6,12.8,0.8,1.204,1.266,-0.062,0.76,0.629,0.131,0.444,0.637,-0.193,1.104,1.125,-0.021,0.893,0.94,-0.047,0.211,0.185,0.026
2015,1,Georgetown,Eastern Washington,0,9,10357033,3,6,0.500,0,2,0.000,5.7,4.6,1.1,1.036,1.14,-0.104,0.841,1.203,-0.362,0.195,-0.063,0.258,1.055,1.127,-0.072,0.971,1.061,-0.09,0.084,0.066,0.018
2015,1,SMU,UCLA,1,5,6416266,0,2,0.000,1,7,0.143,9.4,3.8,5.6,1.253,1.158,0.095,0.974,1.142,-0.168,0.279,0.016,0.263,1.067,1.036,0.031,0.922,0.981,-0.059,0.145,0.055,0.09
2015,1,Iowa State,UAB,1,11,10241029,9,13,0.692,0,4,0.000,8.8,0.3,8.5,1.452,1.038,0.414,1.093,0.905,0.188,0.359,0.133,0.226,1.093,0.983,0.11,0.969,0.978,-0.009,0.124,0.005,0.119
2015,1,Iowa,Davidson,0,3,8982803,3,8,0.375,1,4,0.250,7.4,8.8,-1.4,1.279,1.786,-0.507,0.978,1.107,-0.129,0.301,0.679,-0.378,1.046,1.138,-0.092,0.935,1.011,-0.076,0.111,0.127,-0.016
2015,1,Gonzaga,North Dakota State,0,13,12185320,1,2,0.500,0,1,0.000,16,1.9,14.1,1.527,0.926,0.601,0.874,1.095,-0.221,0.653,-0.169,0.822,1.161,1.012,0.149,0.922,0.982,-0.06,0.239,0.03,0.209
2015,2,Kentucky,Cincinnati,0,7,24684543,6,6,1.000,2,2,1.000,20.1,6.3,13.8,1.359,0.912,0.447,0.564,0.929,-0.365,0.795,-0.017,0.812,1.124,1.001,0.123,0.821,0.9,-0.079,0.303,0.101,0.202
2015,2,Maryland,West Virginia,1,1,16720500,2,4,0.500,4,12,0.333,5.7,5.8,-0.1,0.872,1.091,-0.219,0.987,0.6,0.387,-0.115,0.491,-0.606,1.037,1.025,0.012,0.951,0.943,0.008,0.086,0.082,0.004
2015,2,Notre Dame,Butler,0,3,3533991,6,8,0.750,5,7,0.714,12.2,8,4.2,1.618,1.029,0.589,1.099,0.861,0.238,0.519,0.168,0.351,1.179,1.028,0.151,0.994,0.909,0.085,0.185,0.119,0.066
2015,2,Kansas,Wichita State,1,5,19141222,10,15,0.667,1,3,0.333,6.3,11.9,-5.6,1.024,1.437,-0.413,0.955,0.677,0.278,0.069,0.76,-0.691,1.039,1.083,-0.044,0.947,0.898,0.049,0.092,0.185,-0.093
2015,2,Wisconsin,Oregon,0,7,21309114,2,4,0.500,2,7,0.286,14.8,3.8,11,1.687,1.195,0.492,0.941,1.043,-0.102,0.746,0.152,0.594,1.191,1.064,0.127,0.948,1.01,-0.062,0.243,0.054,0.189
2015,2,North Carolina,Arkansas,0,1,20771541,6,13,0.462,0,3,0.000,8.9,7.3,1.6,1.373,1.347,0.026,0.994,0.79,0.204,0.379,0.557,-0.178,1.086,1.07,0.016,0.962,0.97,-0.008,0.124,0.1,0.024
2015,2,Xavier,Georgia State,0,8,12100195,6,9,0.667,0,1,0.000,5.9,7.5,-1.6,1.333,1.268,0.065,1.05,0.857,0.193,0.283,0.411,-0.128,1.077,1.063,0.014,0.989,0.949,0.04,0.088,0.114,-0.026
2015,2,Arizona,Ohio State,0,8,19221755,4,4,1.000,2,5,0.400,16.9,12.3,4.6,1.26,1.345,-0.085,0.707,0.904,-0.197,0.553,0.441,0.112,1.124,1.106,0.018,0.875,0.925,-0.05,0.249,0.181,0.068
2015,2,Villanova,NC State,1,7,10373661,6,6,1.000,3,9,0.333,15.6,4.4,11.2,1.492,1.104,0.388,0.844,1.221,-0.377,0.648,-0.117,0.765,1.134,1.052,0.082,0.903,0.986,-0.083,0.231,0.066,0.165
2015,2,Louisville,UNI,0,1,45835799,3,9,0.333,1,2,0.500,9.1,10.5,-1.4,1.022,1.138,-0.116,0.836,0.849,-0.013,0.186,0.289,-0.103,1.026,1.094,-0.068,0.89,0.917,-0.027,0.136,0.177,-0.041
2015,2,Oklahoma,Dayton,0,8,10907532,7,14,0.500,1,2,0.500,8.7,6.9,1.8,1.026,1.184,-0.158,0.838,0.882,-0.044,0.188,0.302,-0.114,1.029,1.027,0.002,0.903,0.923,-0.02,0.126,0.104,0.022
2015,2,Virginia,Michigan State,1,5,9954632,4,7,0.571,2,8,0.250,13.9,7.5,6.4,1.361,1.462,-0.101,0.863,0.983,-0.12,0.498,0.479,0.019,1.086,1.07,0.016,0.855,0.958,-0.103,0.231,0.112,0.119
2015,2,Duke,San Diego State,0,7,33772145,7,9,0.778,2,3,0.667,15.4,7.6,7.8,1.399,0.903,0.496,0.922,0.707,0.215,0.477,0.196,0.281,1.172,0.978,0.194,0.946,0.857,0.089,0.226,0.121,0.105
2015,2,Georgetown,Utah,1,1,10357033,3,6,0.500,1,5,0.200,5.7,13.6,-7.9,1.036,1.204,-0.168,0.841,0.76,0.081,0.195,0.444,-0.249,1.055,1.104,-0.049,0.971,0.893,0.078,0.084,0.211,-0.127
2015,2,UCLA,UAB,0,3,12228209,1,7,0.143,0,4,0.000,3.8,0.3,3.5,1.158,1.038,0.12,1.142,0.905,0.237,0.016,0.133,-0.117,1.036,0.983,0.053,0.981,0.978,0.003,0.055,0.005,0.05
2015,2,Gonzaga,Iowa,0,5,12185320,1,2,0.500,3,8,0.375,16,7.4,8.6,1.527,1.279,0.248,0.874,0.978,-0.104,0.653,0.301,0.352,1.161,1.046,0.115,0.922,0.935,-0.013,0.239,0.111,0.128
2015,3,Kentucky,West Virginia,0,4,24684543,6,6,1.000,4,12,0.333,20.1,5.8,14.3,1.359,1.091,0.268,0.564,0.6,-0.036,0.795,0.491,0.304,1.124,1.025,0.099,0.821,0.943,-0.122,0.303,0.082,0.221
2015,3,Notre Dame,Wichita State,0,4,3533991,6,8,0.750,1,3,0.333,12.2,11.9,0.3,1.618,1.437,0.181,1.099,0.677,0.422,0.519,0.76,-0.241,1.179,1.083,0.096,0.994,0.898,0.096,0.185,0.185,0
2015,3,Wisconsin,North Carolina,0,3,21309114,2,4,0.500,6,13,0.462,14.8,8.9,5.9,1.687,1.373,0.314,0.941,0.994,-0.053,0.746,0.379,0.367,1.191,1.086,0.105,0.948,0.962,-0.014,0.243,0.124,0.119
2015,3,Arizona,Xavier,0,4,19221755,4,4,1.000,6,9,0.667,16.9,5.9,11,1.26,1.333,-0.073,0.707,1.05,-0.343,0.553,0.283,0.27,1.124,1.077,0.047,0.875,0.989,-0.114,0.249,0.088,0.161
2015,3,Louisville,NC State,0,4,45835799,3,9,0.333,3,9,0.333,9.1,4.4,4.7,1.022,1.104,-0.082,0.836,1.221,-0.385,0.186,-0.117,0.303,1.026,1.052,-0.026,0.89,0.986,-0.096,0.136,0.066,0.07
2015,3,Oklahoma,Michigan State,1,4,10907532,7,14,0.500,2,8,0.250,8.7,7.5,1.2,1.026,1.462,-0.436,0.838,0.983,-0.145,0.188,0.479,-0.291,1.029,1.07,-0.041,0.903,0.958,-0.055,0.126,0.112,0.014
2015,3,Duke,Utah,0,4,33772145,7,9,0.778,1,5,0.200,15.4,13.6,1.8,1.399,1.204,0.195,0.922,0.76,0.162,0.477,0.444,0.033,1.172,1.104,0.068,0.946,0.893,0.053,0.226,0.211,0.015
2015,3,Gonzaga,UCLA,0,9,12185320,1,2,0.500,1,7,0.143,16,3.8,12.2,1.527,1.158,0.369,0.874,1.142,-0.268,0.653,0.016,0.637,1.161,1.036,0.125,0.922,0.981,-0.059,0.239,0.055,0.184
2015,4,Kentucky,Notre Dame,0,2,24684543,6,6,1.000,6,8,0.750,20.1,12.2,7.9,1.359,1.618,-0.259,0.564,1.099,-0.535,0.795,0.519,0.276,1.124,1.179,-0.055,0.821,0.994,-0.173,0.303,0.185,0.118
2015,4,Wisconsin,Arizona,0,1,21309114,2,4,0.500,4,4,1.000,14.8,16.9,-2.1,1.687,1.26,0.427,0.941,0.707,0.234,0.746,0.553,0.193,1.191,1.124,0.067,0.948,0.875,0.073,0.243,0.249,-0.006
2015,4,Louisville,Michigan State,1,3,45835799,3,9,0.333,2,8,0.250,9.1,7.5,1.6,1.022,1.462,-0.44,0.836,0.983,-0.147,0.186,0.479,-0.293,1.026,1.07,-0.044,0.89,0.958,-0.068,0.136,0.112,0.024
2015,4,Duke,Gonzaga,0,1,33772145,7,9,0.778,1,2,0.500,15.4,16,-0.6,1.399,1.527,-0.128,0.922,0.874,0.048,0.477,0.653,-0.176,1.172,1.161,0.011,0.946,0.922,0.024,0.226,0.239,-0.013
2015,5,Kentucky,Wisconsin,1,0,24684543,6,6,1.000,2,4,0.500,20.1,14.8,5.3,1.359,1.687,-0.328,0.564,0.941,-0.377,0.795,0.746,0.049,1.124,1.191,-0.067,0.821,0.948,-0.127,0.303,0.243,0.06
2015,5,Duke,Michigan State,0,6,33772145,7,9,0.778,2,8,0.250,15.4,7.5,7.9,1.399,1.462,-0.063,0.922,0.983,-0.061,0.477,0.479,-0.002,1.172,1.07,0.102,0.946,0.958,-0.012,0.226,0.112,0.114
2015,6,Wisconsin,Duke,1,0,21309114,2,4,0.500,7,9,0.778,14.8,15.4,-0.6,1.687,1.399,0.288,0.941,0.922,0.019,0.746,0.477,0.269,1.191,1.172,0.019,0.948,0.946,0.002,0.243,0.226,0.017
2016,1,Kansas,Austin Peay,0,15,18020944,11,14,0.786,0,2,0.000,12.6,-3.1,15.7,1.241,0.878,0.363,0.847,1.122,-0.275,0.394,-0.244,0.638,1.12,1.03,0.09,0.943,1.072,-0.129,0.177,-0.042,0.219
2016,1,Colorado,UConn,1,1,8321985,1,6,0.167,1,4,0.250,4.4,9.6,-5.2,0.993,1.254,-0.261,0.961,0.949,0.012,0.032,0.305,-0.273,1.029,1.059,-0.03,0.969,0.92,0.049,0.06,0.139,-0.079
2016,1,Maryland,South Dakota State,0,7,17144695,2,7,0.286,0,0,0.000,8.4,6.7,1.7,1.051,0.96,0.091,1.023,0.941,0.082,0.028,0.019,0.009,1.088,1.08,0.008,0.966,0.985,-0.019,0.122,0.095,0.027
2016,1,California,Hawaii,1,9,8316795,3,6,0.500,0,1,0.000,7.5,10.1,-2.6,1.036,1.201,-0.165,1.122,0.757,0.365,-0.086,0.444,-0.53,1.057,1.052,0.005,0.95,0.913,0.037,0.107,0.139,-0.032
2016,1,Arizona,Wichita State,1,5,21726050,3,6,0.500,1,1,1.000,11.6,13.1,-1.5,1.102,1.432,-0.33,1.062,0.589,0.473,0.04,0.843,-0.803,1.103,1.055,0.048,0.944,0.863,0.081,0.159,0.192,-0.033
2016,1,Miami,Buffalo,0,11,6475314,5,8,0.625,0,2,0.000,7.8,0.4,7.4,1.138,0.906,0.232,0.985,1.027,-0.042,0.153,-0.121,0.274,1.11,1.024,0.086,0.994,1.018,-0.024,0.116,0.006,0.11
2016,1,Iowa,Temple,0,3,9097984,5,9,0.556,3,7,0.429,8.3,1.1,7.2,1.547,1.478,0.069,1.053,1.149,-0.096,0.494,0.329,0.165,1.09,1,0.09,0.973,0.984,-0.011,0.117,0.016,0.101
2016,1,Villanova,UNC Asheville,0,13,11382110,3,7,0.429,0,0,0.000,14.4,4.3,10.1,1.451,0.908,0.543,0.924,0.721,0.203,0.527,0.187,0.34,1.134,1.01,0.124,0.925,0.951,-0.026,0.209,0.059,0.15
2016,1,Oregon,Holy Cross,0,15,8955456,5,5,1.000,0,1,0.000,9.4,-5.1,14.5,1.221,1.253,-0.032,0.913,1.111,-0.198,0.308,0.142,0.166,1.103,0.964,0.139,0.971,1.04,-0.069,0.132,-0.076,0.208
2016,1,Saint Josephs,Cincinnati,0,1,4208092,1,2,0.500,1,4,0.250,7.2,9.9,-2.7,1.487,1.403,0.084,1.107,0.852,0.255,0.38,0.551,-0.171,1.07,1.065,0.005,0.971,0.92,0.051,0.099,0.145,-0.046
2016,1,Baylor,Yale,1,7,8837724,5,14,0.357,0,1,0.000,6.4,10.1,-3.7,1.35,1.119,0.231,1.308,0.954,0.354,0.042,0.165,-0.123,1.102,1.08,0.022,1.01,0.933,0.077,0.092,0.147,-0.055
2016,1,Duke,UNCW,0,9,31033555,3,7,0.429,0,0,0.000,8.6,5.9,2.7,1.362,1.156,0.206,1.225,0.757,0.468,0.137,0.399,-0.262,1.151,1.072,0.079,1.028,0.992,0.036,0.123,0.08,0.043
2016,1,Texas,UNI,1,5,17982782,6,13,0.462,3,3,1.000,3.1,4.3,-1.2,1.106,1.221,-0.115,0.895,1.014,-0.119,0.211,0.207,0.004,1.04,1.041,-0.001,0.995,0.975,0.02,0.045,0.066,-0.021
2016,1,Texas A&M,Green Bay,0,11,9177326,4,6,0.667,0,0,0.000,10,1.8,8.2,1.372,1.14,0.232,0.921,0.878,0.043,0.451,0.262,0.189,1.071,1.038,0.033,0.931,1.016,-0.085,0.14,0.022,0.118
2016,1,Oregon State,VCU,1,3,5834462,1,5,0.200,0,2,0.000,1.1,9.5,-8.4,1.189,1.256,-0.067,1.056,0.854,0.202,0.133,0.402,-0.269,1.024,1.075,-0.051,1.008,0.943,0.065,0.016,0.132,-0.116
2016,1,Oklahoma,CSU Bakersfield,0,13,12030130,8,13,0.615,0,0,0.000,8.6,7.7,0.9,1.114,1.204,-0.09,0.878,0.692,0.186,0.236,0.512,-0.276,1.088,1.02,0.068,0.97,0.91,0.06,0.118,0.11,0.008
2016,1,North Carolina,FGCU,0,15,21342328,5,8,0.625,0,1,0.000,12.8,3,9.8,1.647,1.073,0.574,0.851,1.077,-0.226,0.796,-0.004,0.8,1.153,1.036,0.117,0.976,0.995,-0.019,0.177,0.041,0.136
2016,1,USC,Providence,1,1,4948398,2,6,0.333,4,9,0.444,5.9,3.5,2.4,1.212,1.368,-0.156,1.133,0.906,0.227,0.079,0.462,-0.383,1.068,1.016,0.052,0.99,0.968,0.022,0.078,0.048,0.03
2016,1,Indiana,Chattanooga,0,7,23094923,4,6,0.667,0,1,0.000,12.7,6.7,6,1.191,1.126,0.065,0.924,0.914,0.01,0.267,0.212,0.055,1.169,1.076,0.093,0.989,0.979,0.01,0.18,0.097,0.083
2016,1,Kentucky,Stony Brook,0,9,27239237,3,4,0.750,0,1,0.000,11.4,9,2.4,1.274,1.378,-0.104,0.764,0.909,-0.145,0.51,0.469,0.041,1.127,1.079,0.048,0.965,0.949,0.016,0.162,0.13,0.032
2016,1,Notre Dame,Michigan,0,5,3358680,4,9,0.444,3,12,0.250,4.5,5.8,-1.3,1.345,1.601,-0.256,1.425,1.165,0.26,-0.08,0.436,-0.516,1.128,1.104,0.024,1.06,1.017,0.043,0.068,0.087,-0.019
2016,1,West Virginia,SF Austin,1,11,6216753,6,12,0.500,0,1,0.000,11.8,14.7,-2.9,1.024,1.499,-0.475,0.595,0.662,-0.067,0.429,0.837,-0.408,1.084,1.126,-0.042,0.921,0.917,0.004,0.163,0.209,-0.046
2016,1,Wisconsin,Pittsburgh,0,3,22808750,5,10,0.500,1,8,0.125,4,6.7,-2.7,1.039,1.418,-0.379,0.879,1.179,-0.3,0.16,0.239,-0.079,1.027,1.095,-0.068,0.967,0.997,-0.03,0.06,0.098,-0.038
2016,1,Xavier,Weber State,0,13,12346880,6,7,0.857,0,0,0.000,10.1,5.3,4.8,1.283,0.943,0.34,0.962,0.986,-0.024,0.321,-0.043,0.364,1.086,1.049,0.037,0.949,0.973,-0.024,0.137,0.076,0.061
2016,1,Virginia,Hampton,0,15,10326281,7,9,0.778,0,1,0.000,10.9,-0.3,11.2,1.602,0.882,0.72,0.864,0.902,-0.038,0.738,-0.02,0.758,1.131,0.989,0.142,0.957,0.993,-0.036,0.174,-0.004,0.178
2016,1,Texas Tech,Butler,1,1,7057773,3,11,0.273,2,8,0.250,2.2,8.9,-6.7,1.094,1.385,-0.291,0.903,0.958,-0.055,0.191,0.427,-0.236,1.042,1.109,-0.067,1.011,0.985,0.026,0.031,0.124,-0.093
2016,1,Purdue,Little Rock,1,7,10375722,2,7,0.286,0,0,0.000,12.7,8.9,3.8,1.468,1.259,0.209,1.28,0.792,0.488,0.188,0.467,-0.279,1.108,1.058,0.05,0.927,0.924,0.003,0.181,0.134,0.047
2016,1,Iowa State,Iona,0,9,10767763,4,11,0.364,0,0,0.000,6.8,5.4,1.4,1.446,1.309,0.137,1.174,0.98,0.194,0.272,0.329,-0.057,1.112,1.072,0.04,1.02,1,0.02,0.092,0.072,0.02
2016,1,Seton Hall,Gonzaga,1,5,6264583,4,7,0.571,1,3,0.333,6.4,12.7,-6.3,0.974,1.2,-0.226,0.883,1.022,-0.139,0.091,0.178,-0.087,1.02,1.126,-0.106,0.932,0.944,-0.012,0.088,0.182,-0.094
2016,1,Utah,Fresno State,0,11,8876677,3,5,0.600,0,2,0.000,6.7,3,3.7,1.23,1.21,0.02,1.036,0.838,0.198,0.194,0.372,-0.178,1.093,1.025,0.068,0.996,0.983,0.013,0.097,0.042,0.055
2016,1,Dayton,Syracuse,1,3,13476297,1,2,0.500,4,9,0.444,6.6,4.9,1.7,1.129,1.128,0.001,1.012,1.161,-0.149,0.117,-0.033,0.15,1.023,1.041,-0.018,0.93,0.968,-0.038,0.093,0.073,0.02
2016,1,Michigan State,Middle Tennessee,1,13,17639546,5,7,0.714,0,0,0.000,15.7,3.4,12.3,1.737,1.103,0.634,1.132,0.878,0.254,0.605,0.225,0.38,1.155,1.025,0.13,0.929,0.977,-0.048,0.226,0.048,0.178
2016,2,Kansas,UConn,0,8,18020944,11,14,0.786,1,4,0.250,12.6,9.6,3,1.241,1.254,-0.013,0.847,0.949,-0.102,0.394,0.305,0.089,1.12,1.059,0.061,0.943,0.92,0.023,0.177,0.139,0.038
2016,2,Maryland,Hawaii,0,8,17144695,2,7,0.286,0,1,0.000,8.4,10.1,-1.7,1.051,1.201,-0.15,1.023,0.757,0.266,0.028,0.444,-0.416,1.088,1.052,0.036,0.966,0.913,0.053,0.122,0.139,-0.017
2016,2,Miami,Wichita State,0,8,6475314,5,8,0.625,1,1,1.000,7.8,13.1,-5.3,1.138,1.432,-0.294,0.985,0.589,0.396,0.153,0.843,-0.69,1.11,1.055,0.055,0.994,0.863,0.131,0.116,0.192,-0.076
2016,2,Villanova,Iowa,0,5,11382110,3,7,0.429,5,9,0.556,14.4,8.3,6.1,1.451,1.547,-0.096,0.924,1.053,-0.129,0.527,0.494,0.033,1.134,1.09,0.044,0.925,0.973,-0.048,0.209,0.117,0.092
2016,2,Oregon,Saint Josephs,0,7,8955456,5,5,1.000,1,2,0.500,9.4,7.2,2.2,1.221,1.487,-0.266,0.913,1.107,-0.194,0.308,0.38,-0.072,1.103,1.07,0.033,0.971,0.971,0,0.132,0.099,0.033
2016,2,Duke,Yale,0,8,31033555,3,7,0.429,0,1,0.000,8.6,10.1,-1.5,1.362,1.119,0.243,1.225,0.954,0.271,0.137,0.165,-0.028,1.151,1.08,0.071,1.028,0.933,0.095,0.123,0.147,-0.024
2016,2,Texas A&M,UNI,0,8,9177326,4,6,0.667,3,3,1.000,10,4.3,5.7,1.372,1.221,0.151,0.921,1.014,-0.093,0.451,0.207,0.244,1.071,1.041,0.03,0.931,0.975,-0.044,0.14,0.066,0.074
2016,2,Oklahoma,VCU,0,8,12030130,8,13,0.615,0,2,0.000,8.6,9.5,-0.9,1.114,1.256,-0.142,0.878,0.854,0.024,0.236,0.402,-0.166,1.088,1.075,0.013,0.97,0.943,0.027,0.118,0.132,-0.014
2016,2,North Carolina,Providence,0,8,21342328,5,8,0.625,4,9,0.444,12.8,3.5,9.3,1.647,1.386,0.261,0.851,0.906,-0.055,0.796,0.48,0.316,1.153,1.016,0.137,0.976,0.968,0.008,0.177,0.048,0.129
2016,2,Kentucky,Indiana,1,1,27239237,3,4,0.750,4,6,0.667,11.4,12.7,-1.3,1.274,1.191,0.083,0.764,0.924,-0.16,0.51,0.267,0.243,1.127,1.169,-0.042,0.965,0.989,-0.024,0.162,0.18,-0.018
2016,2,Notre Dame,SF Austin,0,8,3358680,4,9,0.444,0,1,0.000,4.5,14.7,-10.2,1.345,1.499,-0.154,1.425,0.662,0.763,-0.08,0.837,-0.917,1.128,1.126,0.002,1.06,0.917,0.143,0.068,0.209,-0.141
2016,2,Xavier,Wisconsin,1,5,12346880,6,7,0.857,5,10,0.500,10.1,4,6.1,1.283,1.039,0.244,0.962,0.879,0.083,0.321,0.16,0.161,1.086,1.027,0.059,0.949,0.967,-0.018,0.137,0.06,0.077
2016,2,Virginia,Butler,0,8,10326281,7,9,0.778,2,8,0.250,10.9,8.9,2,1.602,1.385,0.217,0.864,0.958,-0.094,0.738,0.427,0.311,1.131,1.109,0.022,0.957,0.985,-0.028,0.174,0.124,0.05
2016,2,Iowa State,Little Rock,0,8,10767763,4,11,0.364,0,0,0.000,6.8,8.9,-2.1,1.446,1.259,0.187,1.174,0.792,0.382,0.272,0.467,-0.195,1.112,1.058,0.054,1.02,0.924,0.096,0.092,0.134,-0.042
2016,2,Utah,Gonzaga,1,8,8876677,3,5,0.600,1,3,0.333,6.7,12.7,-6,1.23,1.2,0.03,1.036,1.022,0.014,0.194,0.178,0.016,1.093,1.126,-0.033,0.996,0.944,0.052,0.097,0.182,-0.085
2016,2,Syracuse,Middle Tennessee,0,5,26889157,4,9,0.444,0,0,0.000,4.9,3.4,1.5,1.128,1.103,0.025,1.161,0.878,0.283,-0.033,0.225,-0.258,1.041,1.025,0.016,0.968,0.977,-0.009,0.073,0.048,0.025
2016,3,Kansas,Maryland,0,4,18020944,11,14,0.786,2,7,0.286,12.6,8.4,4.2,1.241,1.051,0.19,0.847,1.023,-0.176,0.394,0.028,0.366,1.12,1.088,0.032,0.943,0.966,-0.023,0.177,0.122,0.055
2016,3,Villanova,Miami,0,1,11382110,3,7,0.429,5,8,0.625,14.4,7.8,6.6,1.451,1.138,0.313,0.924,0.985,-0.061,0.527,0.153,0.374,1.134,1.11,0.024,0.925,0.994,-0.069,0.209,0.116,0.093
2016,3,Oregon,Duke,0,3,8955456,5,5,1.000,3,7,0.429,9.4,8.6,0.8,1.221,1.362,-0.141,0.913,1.225,-0.312,0.308,0.137,0.171,1.103,1.151,-0.048,0.971,1.028,-0.057,0.132,0.123,0.009
2016,3,Oklahoma,Texas A&M,0,1,12030130,8,13,0.615,4,6,0.667,8.6,10,-1.4,1.114,1.372,-0.258,0.878,0.921,-0.043,0.236,0.451,-0.215,1.088,1.071,0.017,0.97,0.931,0.039,0.118,0.14,-0.022
2016,3,North Carolina,Indiana,0,4,21342328,5,8,0.625,4,6,0.667,12.8,12.7,0.1,1.647,1.191,0.456,0.851,0.924,-0.073,0.796,0.267,0.529,1.153,1.169,-0.016,0.976,0.989,-0.013,0.177,0.18,-0.003
2016,3,Notre Dame,Wisconsin,0,1,3358680,4,9,0.444,5,10,0.500,4.5,4,0.5,1.345,1.039,0.306,1.425,0.879,0.546,-0.08,0.16,-0.24,1.128,1.027,0.101,1.06,0.967,0.093,0.068,0.06,0.008
2016,3,Virginia,Iowa State,0,3,10326281,7,9,0.778,4,11,0.364,10.9,6.8,4.1,1.602,1.446,0.156,0.864,1.174,-0.31,0.738,0.272,0.466,1.131,1.112,0.019,0.957,1.02,-0.063,0.174,0.092,0.082
2016,3,Syracuse,Gonzaga,0,1,26889157,4,9,0.444,1,3,0.333,4.9,12.7,-7.8,1.128,1.2,-0.072,1.161,1.022,0.139,-0.033,0.178,-0.211,1.041,1.126,-0.085,0.968,0.944,0.024,0.073,0.182,-0.109
2016,4,Kansas,Villanova,1,1,18020944,11,14,0.786,3,7,0.429,12.6,14.4,-1.8,1.241,1.451,-0.21,0.847,0.924,-0.077,0.394,0.527,-0.133,1.12,1.134,-0.014,0.943,0.925,0.018,0.177,0.209,-0.032
2016,4,Oregon,Oklahoma,1,1,8955456,5,5,1.000,8,13,0.615,9.4,8.6,0.8,1.221,1.114,0.107,0.913,0.878,0.035,0.308,0.236,0.072,1.103,1.088,0.015,0.971,0.97,0.001,0.132,0.118,0.014
2016,4,North Carolina,Notre Dame,0,5,21342328,5,8,0.625,4,9,0.444,12.8,4.5,8.3,1.647,1.345,0.302,0.851,1.425,-0.574,0.796,-0.08,0.876,1.153,1.128,0.025,0.976,1.06,-0.084,0.177,0.068,0.109
2016,4,Virginia,Syracuse,1,9,10326281,7,9,0.778,4,9,0.444,10.9,4.9,6,1.602,1.128,0.474,0.864,1.161,-0.297,0.738,-0.033,0.771,1.131,1.041,0.09,0.957,0.968,-0.011,0.174,0.073,0.101
2016,5,Oklahoma,Villanova,1,0,12030130,8,13,0.615,3,7,0.429,8.6,14.4,-5.8,1.114,1.451,-0.337,0.878,0.924,-0.046,0.236,0.527,-0.291,1.088,1.134,-0.046,0.97,0.925,0.045,0.118,0.209,-0.091
2016,5,North Carolina,Syracuse,0,9,21342328,5,8,0.625,4,9,0.444,12.8,10.9,1.9,1.647,1.128,0.519,0.851,1.161,-0.31,0.796,-0.033,0.829,1.153,1.041,0.112,0.976,0.968,0.008,0.177,0.073,0.104
2016,6,North Carolina,Villanova,1,1,21342328,5,8,0.625,3,7,0.429,12.8,14.4,-1.6,1.647,1.451,0.196,0.851,0.924,-0.073,0.796,0.527,0.269,1.153,1.134,0.019,0.976,0.925,0.051,0.177,0.209,-0.032
2017,1,Villanova,Mount St Marys,0,15,11120378,7,9,0.778,0,3,0.000,14.5,-0.8,15.3,1.256,0.854,0.402,1.015,0.758,0.257,0.241,0.096,0.145,1.153,0.97,0.183,0.936,0.981,-0.045,0.217,-0.011,0.228
2017,1,Duke,Troy,0,13,34398285,9,13,0.692,0,1,0.000,10.6,2.9,7.7,1.15,0.984,0.166,1,1.047,-0.047,0.15,-0.063,0.213,1.136,1.064,0.072,0.986,1.023,-0.037,0.15,0.041,0.109
2017,1,Baylor,New Mexico St,0,11,9097264,6,9,0.667,0,0,0.000,7.9,1.0,6.9,1.145,1.076,0.069,1.185,0.819,0.366,-0.04,0.257,-0.297,1.076,1.087,-0.011,0.958,0.968,-0.01,0.118,0.119,-0.001
2017,1,Florida,East Tennessee St,0,9,14200425,1,5,0.200,0,0,0.000,11.4,9.4,2.0,1.042,0.984,0.058,0.651,0.691,-0.04,0.391,0.293,0.098,1.074,1.072,0.002,0.917,0.944,-0.027,0.157,0.128,0.029
2017,1,Virginia,UNC Wilmington,0,7,8555125,4,10,0.400,0,0,0.000,9.7,8.6,1.1,1.46,1.599,-0.139,0.771,0.895,-0.124,0.689,0.704,-0.015,1.054,1.152,-0.098,0.899,1.032,-0.133,0.155,0.12,0.035
2017,1,SMU,USC,1,5,7269481,2,3,0.667,1,7,0.143,14.3,5.1,9.2,1.501,1.385,0.116,1.015,1.155,-0.14,0.486,0.23,0.256,1.142,1.09,0.052,0.923,1.019,-0.096,0.219,0.071,0.148
2017,1,South Carolina,Marquette,0,3,11948781,3,5,0.600,2,6,0.333,7.4,6.7,0.7,0.962,1.326,-0.364,0.567,1.222,-0.655,0.395,0.104,0.291,1.003,1.134,-0.131,0.901,1.042,-0.141,0.102,0.092,0.01
2017,1,Wisconsin,Virginia Tech,0,1,23168473,3,6,0.500,3,9,0.333,10.0,4.4,5.6,1.229,1.249,-0.020,0.793,1.175,-0.38,0.436,0.074,0.362,1.081,1.106,-0.025,0.932,1.045,-0.113,0.149,0.061,0.088
2017,1,Gonzaga,South Dakota St,0,15,12131756,5,5,1.000,0,0,0.000,21.1,-1.6,22.7,1.331,1.005,0.326,0.796,1.277,-0.481,0.535,-0.272,0.807,1.141,1.066,0.075,0.849,1.089,-0.24,0.292,-0.023,0.315
2017,1,Arizona,North Dakota,0,13,23434825,4,7,0.571,0,0,0.000,10.6,3.6,7.0,1.21,1.099,0.111,1.104,0.805,0.299,0.106,0.294,-0.188,1.113,1.047,0.066,0.959,0.999,-0.04,0.154,0.048,0.106
2017,1,Florida St,Florida Gulf Coast,0,11,13252028,7,10,0.700,0,1,0.000,10.0,5.7,4.3,1.231,1.147,0.084,0.858,1.035,-0.177,0.373,0.112,0.261,1.109,1.088,0.021,0.974,1.008,-0.034,0.135,0.08,0.055
2017,1,West Virginia,Bucknell,0,9,6846053,4,7,0.571,0,0,0.000,14.8,8.4,6.4,1.334,1.094,0.24,0.597,0.871,-0.274,0.737,0.223,0.514,1.097,1.062,0.035,0.898,0.945,-0.047,0.199,0.117,0.082
2017,1,Notre Dame,Princeton,0,7,3896784,4,12,0.333,0,0,0.000,8.0,8.4,-0.4,1.655,1.388,0.267,1.024,0.811,0.213,0.631,0.577,0.054,1.113,1.066,0.047,0.997,0.938,0.059,0.116,0.128,-0.012
2017,1,Maryland,Xavier,1,5,17741322,0,2,0.000,2,9,0.222,4.5,3.3,1.2,1.094,1.169,-0.075,0.924,1.167,-0.243,0.17,0.002,0.168,1.048,1.065,-0.017,0.984,1.018,-0.034,0.064,0.047,0.017
2017,1,St Marys,VCU,0,3,3467559,0,3,0.000,0,1,0.000,14.6,7.8,6.8,1.542,1.207,0.335,0.934,0.72,0.214,0.608,0.487,0.121,1.154,1.043,0.111,0.92,0.934,-0.014,0.234,0.109,0.125
2017,1,Northwestern,Vanderbilt,0,1,14581162,3,7,0.429,4,6,0.667,5.6,3.0,2.6,1.406,1.047,0.359,0.995,1.053,-0.058,0.411,-0.006,0.417,1.034,1.036,-0.002,0.955,0.993,-0.038,0.079,0.043,0.036
2017,1,Kansas,UC Davis,0,15,18266319,5,7,0.714,0,0,0.000,11.3,-0.5,11.8,1.281,0.864,0.417,0.954,0.953,0.001,0.327,-0.089,0.416,1.133,0.955,0.178,0.979,0.962,0.017,0.154,-0.007,0.161
2017,1,Louisville,Jacksonville St,0,13,43960492,5,12,0.417,0,0,0.000,11.3,-1.8,13.1,1.233,0.848,0.385,0.798,0.916,-0.118,0.435,-0.068,0.503,1.098,0.943,0.155,0.937,1,-0.063,0.161,-0.057,0.218
2017,1,Oregon,Iona,0,11,11149777,3,5,0.600,0,0,0.000,12.4,3.5,8.9,1.331,1.285,0.046,0.883,1.093,-0.21,0.448,0.192,0.256,1.112,1.08,0.032,0.936,1.032,-0.096,0.176,0.048,0.128
2017,1,Purdue,Vermont,0,9,10171629,4,6,0.667,0,2,0.000,11.3,9.9,1.4,1.41,1.215,0.195,1.097,0.823,0.274,0.313,0.392,-0.079,1.107,1.101,0.006,0.949,0.952,-0.003,0.158,0.149,0.009
2017,1,Iowa St,Nevada,0,7,13604289,3,8,0.375,0,1,0.000,8.6,8.5,0.1,1.558,1.448,0.11,0.986,1.204,-0.218,0.572,0.244,0.328,1.105,1.1,0.005,0.988,0.984,0.004,0.117,0.116,0.001
2017,1,Creighton,Rhode Island,1,5,7665992,4,7,0.571,1,2,0.500,8.3,8.3,0.0,1.374,1.194,0.18,0.91,0.769,0.141,0.464,0.425,0.039,1.098,1.061,0.037,0.985,0.942,0.043,0.113,0.119,-0.006
2017,1,Michigan,Oklahoma St,0,3,16913194,4,6,0.667,1,8,0.125,8.6,7.0,1.6,1.51,1.118,0.392,0.916,0.928,-0.012,0.594,0.19,0.404,1.145,1.147,-0.002,1.013,1.053,-0.04,0.132,0.094,0.038
2017,1,Miami,Michigan St,1,1,10868814,3,10,0.300,2,8,0.250,4.9,3.2,1.7,0.933,1.209,-0.276,1.008,1.174,-0.166,-0.075,0.035,-0.11,1.032,1.033,-0.001,0.959,0.988,-0.029,0.073,0.045,0.028
2017,1,North Carolina,Texas Southern,0,15,21408475,6,11,0.545,0,3,0.000,13.1,1.4,11.7,1.53,0.998,0.532,0.856,0.958,-0.102,0.674,0.04,0.634,1.13,1.032,0.098,0.954,1.012,-0.058,0.176,0.02,0.156
2017,1,Kentucky,Northern Kentucky,0,13,27965227,4,8,0.500,0,1,0.000,13.4,2.7,10.7,1.321,1.011,0.31,0.792,1.003,-0.211,0.529,0.008,0.521,1.113,1.042,0.071,0.937,1.005,-0.068,0.176,0.037,0.139
2017,1,UCLA,Kent St,0,11,13416856,3,6,0.500,0,0,0.000,14.3,2.5,11.8,1.913,0.947,0.966,1.106,0.989,0.117,0.807,-0.042,0.849,1.189,1.037,0.152,1,1.003,-0.003,0.189,0.034,0.155
2017,1,Butler,Winthrop,0,9,6198953,6,8,0.750,0,0,0.000,7.5,7.5,0.0,1.309,0.99,0.319,0.812,0.76,0.052,0.497,0.23,0.267,1.106,1.059,0.047,0.998,0.959,0.039,0.108,0.1,0.008
2017,1,Minnesota,Middle Tennessee St,1,7,14172048,2,5,0.400,0,0,0.000,5.7,10.3,-4.6,1.29,1.461,-0.171,1.072,0.848,0.224,0.218,0.613,-0.395,1.013,1.096,-0.083,0.936,0.944,-0.008,0.077,0.152,-0.075
2017,1,Cincinnati,Kansas St,0,5,6970262,2,6,0.333,3,8,0.375,12.9,4.3,8.6,1.53,1.15,0.38,0.853,0.874,-0.021,0.677,0.276,0.401,1.103,1.044,0.059,0.911,0.981,-0.07,0.192,0.063,0.129
2017,1,Dayton,Wichita St,1,3,14031059,0,1,0.000,0,2,0.000,8.7,18.3,-9.6,1.331,1.434,-0.103,0.871,0.775,0.096,0.46,0.659,-0.199,1.059,1.13,-0.071,0.937,0.874,0.063,0.122,0.256,-0.134
2017,1,Arkansas,Seton Hall,0,1,16332876,1,5,0.200,3,8,0.375,5.4,2.8,2.6,1.161,0.902,0.259,0.952,0.988,-0.036,0.209,-0.086,0.295,1.081,1.027,0.054,1.006,0.987,0.019,0.075,0.04,0.035
2017,2,Villanova,Wisconsin,1,7,11120378,7,9,0.778,3,6,0.500,14.5,10.0,4.5,1.256,1.229,0.027,1.015,0.793,0.222,0.241,0.436,-0.195,1.153,1.081,0.072,0.936,0.932,0.004,0.217,0.149,0.068
2017,2,Duke,South Carolina,1,5,34398285,9,13,0.692,3,5,0.600,10.6,7.4,3.2,1.15,0.962,0.188,1,0.567,0.433,0.15,0.395,-0.245,1.136,1.003,0.133,0.986,0.901,0.085,0.15,0.102,0.048
2017,2,Baylor,USC,0,8,9097264,6,9,0.667,1,7,0.143,7.9,5.1,2.8,1.145,1.385,-0.24,1.185,1.155,0.03,-0.04,0.23,-0.27,1.076,1.09,-0.014,0.958,1.019,-0.061,0.118,0.071,0.047
2017,2,Florida,Virginia,0,1,14200425,1,5,0.200,4,10,0.400,11.4,9.7,1.7,1.042,1.46,-0.418,0.651,0.771,-0.12,0.391,0.689,-0.298,1.074,1.054,0.02,0.917,0.899,0.018,0.157,0.155,0.002
2017,2,Gonzaga,Northwestern,0,7,12131756,5,5,1.000,3,7,0.429,21.1,5.6,15.5,1.331,1.406,-0.075,0.796,0.995,-0.199,0.535,0.411,0.124,1.141,1.034,0.107,0.849,0.955,-0.106,0.292,0.079,0.213
2017,2,Arizona,St Marys,0,5,23434825,4,7,0.571,0,3,0.000,10.6,14.6,-4.0,1.21,1.542,-0.332,1.104,0.934,0.17,0.106,0.608,-0.502,1.113,1.154,-0.041,0.959,0.92,0.039,0.154,0.234,-0.08
2017,2,Florida St,Xavier,1,8,13252028,7,10,0.700,2,9,0.222,10.0,3.3,6.7,1.231,1.169,0.062,0.858,1.167,-0.309,0.373,0.002,0.371,1.109,1.065,0.044,0.974,1.018,-0.044,0.135,0.047,0.088
2017,2,West Virginia,Notre Dame,0,1,6846053,4,7,0.571,4,12,0.333,14.8,8.0,6.8,1.334,1.655,-0.321,0.597,1.024,-0.427,0.737,0.631,0.106,1.097,1.113,-0.016,0.898,0.997,-0.099,0.199,0.116,0.083
2017,2,Kansas,Michigan St,0,8,18266319,5,7,0.714,2,8,0.250,11.3,3.2,8.1,1.281,1.209,0.072,0.954,1.174,-0.22,0.327,0.035,0.292,1.133,1.033,0.1,0.979,0.988,-0.009,0.154,0.045,0.109
2017,2,Louisville,Michigan,1,5,43960492,5,12,0.417,4,6,0.667,11.3,8.6,2.7,1.233,1.51,-0.277,0.798,0.916,-0.118,0.435,0.594,-0.159,1.098,1.145,-0.047,0.937,1.013,-0.076,0.161,0.132,0.029
2017,2,Oregon,Rhode Island,0,8,11149777,3,5,0.600,1,2,0.500,12.4,8.3,4.1,1.331,1.194,0.137,0.883,0.769,0.114,0.448,0.425,0.023,1.112,1.061,0.051,0.936,0.942,-0.006,0.176,0.119,0.057
2017,2,Purdue,Iowa St,0,1,10171629,4,6,0.667,3,8,0.375,11.3,8.6,2.7,1.41,1.558,-0.148,1.097,0.986,0.111,0.313,0.572,-0.259,1.107,1.105,0.002,0.949,0.988,-0.039,0.158,0.117,0.041
2017,2,North Carolina,Arkansas,0,7,21408475,6,11,0.545,1,5,0.200,13.1,5.4,7.7,1.53,1.161,0.369,0.856,0.952,-0.096,0.674,0.209,0.465,1.13,1.081,0.049,0.954,1.006,-0.052,0.176,0.075,0.101
2017,2,Kentucky,Wichita St,0,8,27965227,4,8,0.500,0,2,0.000,13.4,18.3,-4.9,1.321,1.434,-0.113,0.792,0.775,0.017,0.529,0.659,-0.13,1.113,1.13,-0.017,0.937,0.874,0.063,0.176,0.256,-0.08
2017,2,UCLA,Cincinnati,0,3,13416856,3,6,0.500,2,6,0.333,14.3,12.9,1.4,1.913,1.53,0.383,1.106,0.853,0.253,0.807,0.677,0.13,1.189,1.103,0.086,1,0.911,0.089,0.189,0.192,-0.003
2017,2,Butler,Middle Tennessee St,0,8,6198953,6,8,0.750,0,0,0.000,7.5,10.3,-2.8,1.309,1.461,-0.152,0.812,0.848,-0.036,0.497,0.613,-0.116,1.106,1.096,0.01,0.998,0.944,0.054,0.108,0.152,-0.044
2017,3,Florida,Wisconsin,0,4,14200425,1,5,0.200,3,6,0.500,11.4,10.0,1.4,1.042,1.229,-0.187,0.651,0.793,-0.142,0.391,0.436,-0.045,1.074,1.081,-0.007,0.917,0.932,-0.015,0.157,0.149,0.008
2017,3,Baylor,South Carolina,1,4,9097264,6,9,0.667,3,5,0.600,7.9,7.4,0.5,1.145,0.962,0.183,1.185,0.567,0.618,-0.04,0.395,-0.435,1.076,1.003,0.073,0.958,0.901,0.057,0.118,0.102,0.016
2017,3,Gonzaga,West Virginia,0,3,12131756,5,5,1.000,4,7,0.571,21.1,14.8,6.3,1.331,1.334,-0.003,0.796,0.597,0.199,0.535,0.737,-0.202,1.141,1.097,0.044,0.849,0.898,-0.049,0.292,0.199,0.093
2017,3,Arizona,Xavier,1,9,23434825,4,7,0.571,2,9,0.222,10.6,3.3,7.3,1.21,1.169,0.041,1.104,1.167,-0.063,0.106,0.002,0.104,1.113,1.065,0.048,0.959,1.018,-0.059,0.154,0.047,0.107
2017,3,Kansas,Purdue,0,3,18266319,5,7,0.714,4,6,0.667,11.3,8.6,2.7,1.281,1.41,-0.129,0.954,1.097,-0.143,0.327,0.313,0.014,1.133,1.107,0.026,0.979,0.949,0.03,0.154,0.158,-0.004
2017,3,Oregon,Michigan,0,4,11149777,3,5,0.600,4,6,0.667,12.4,8.6,3.8,1.331,1.51,-0.179,0.883,0.916,-0.033,0.448,0.594,-0.146,1.112,1.145,-0.033,0.936,1.013,-0.077,0.176,0.132,0.044
2017,3,North Carolina,Butler,0,3,21408475,6,11,0.545,6,8,0.750,13.1,7.5,5.6,1.53,1.309,0.221,0.856,0.812,0.044,0.674,0.497,0.177,1.13,1.106,0.024,0.954,0.998,-0.044,0.176,0.108,0.068
2017,3,Kentucky,UCLA,0,1,27965227,4,8,0.500,3,6,0.500,13.4,14.3,-0.9,1.321,1.913,-0.592,0.792,1.106,-0.314,0.529,0.807,-0.278,1.113,1.189,-0.076,0.937,1,-0.063,0.176,0.189,-0.013
2017,4,Florida,South Carolina,1,3,14200425,1,5,0.200,3,5,0.600,11.4,7.4,4.0,1.042,0.962,0.08,0.651,0.567,0.084,0.391,0.395,-0.004,1.074,1.003,0.071,0.917,0.901,0.016,0.157,0.102,0.055
2017,4,Gonzaga,Xavier,0,10,12131756,5,5,1.000,2,9,0.222,21.1,3.3,17.8,1.331,1.169,0.162,0.796,1.167,-0.371,0.535,0.002,0.533,1.141,1.065,0.076,0.849,1.018,-0.169,0.292,0.047,0.245
2017,4,Kansas,Oregon,1,2,18266319,5,7,0.714,3,5,0.600,11.3,12.4,-1.1,1.281,1.331,-0.05,0.954,0.883,0.071,0.327,0.448,-0.121,1.133,1.112,0.021,0.979,0.936,0.043,0.154,0.176,-0.022
2017,4,North Carolina,Kentucky,0,1,21408475,6,11,0.545,4,8,0.500,13.1,13.4,-0.3,1.53,1.321,0.209,0.856,0.792,0.064,0.674,0.529,0.145,1.13,1.113,0.017,0.954,0.937,0.017,0.176,0.176,0
2017,5,Gonzaga,South Carolina,0,6,12131756,5,5,1.000,3,5,0.600,21.1,7.4,13.7,1.331,0.962,0.369,0.796,0.567,0.229,0.535,0.395,0.14,1.141,1.003,0.138,0.849,0.901,-0.052,0.292,0.102,0.19
2017,5,North Carolina,Oregon,0,2,21408475,6,11,0.545,3,5,0.600,13.1,12.4,0.7,1.53,1.331,0.199,0.856,0.883,-0.027,0.674,0.448,0.226,1.13,1.112,0.018,0.954,0.936,0.018,0.176,0.176,0
2017,6,North Carolina,Gonzaga,0,0,21408475,6,11,0.545,5,5,1.000,13.1,21.1,-8.0,1.53,1.331,0.199,0.856,0.796,0.06,0.674,0.535,0.139,1.13,1.141,-0.011,0.954,0.849,0.105,0.176,0.292,-0.116
2018,1,Virginia,UMBC,1,15,13468010,5,6,0.833,0,1,0.000,13.1,1.8,11.3,1.579,1.235,0.344,0.933,1.181,-0.248,0.646,0.054,0.592,1.081,1.02,0.061,0.87,0.995,-0.125,0.211,0.025,0.186
2018,1,Cincinnati,Georgia St,0,13,7465979,2,5,0.400,0,0,0.000,16.7,6.0,10.7,1.411,1.098,0.313,1.091,1.093,-0.002,0.32,0.005,0.315,1.093,1.057,0.036,0.847,0.971,-0.124,0.246,0.086,0.16
2018,1,Tennessee,Wright St,0,11,15978734,3,5,0.600,0,0,0.000,8.1,4.2,3.9,1.303,1.002,0.301,0.674,0.898,-0.224,0.629,0.104,0.525,1.065,0.988,0.077,0.949,0.929,0.02,0.116,0.059,0.057
2018,1,Arizona,Buffalo,1,9,22830561,3,4,0.750,0,2,0.000,8.8,7.7,1.1,1.246,1.338,-0.092,1.028,1.076,-0.048,0.218,0.262,-0.044,1.135,1.11,0.025,1.011,1.008,0.003,0.124,0.102,0.022
2018,1,Kentucky,Davidson,0,7,30743306,2,6,0.333,2,5,0.400,6.5,8.5,-2.0,1.017,1.749,-0.732,1.055,1.096,-0.041,-0.038,0.653,-0.691,1.075,1.139,-0.064,0.984,1.013,-0.029,0.091,0.126,-0.035
2018,1,Miami,Loyola Chicago,1,5,8603153,3,7,0.429,1,1,1.000,5.9,8.6,-2.7,1.155,1.222,-0.067,1.164,1.048,0.116,-0.009,0.174,-0.183,1.054,1.064,-0.01,0.97,0.935,0.035,0.084,0.129,-0.045
2018,1,Nevada,Texas,0,3,4746053,0,1,0.000,5,12,0.417,9.5,3.3,6.2,1.675,0.985,0.69,1.015,0.708,0.307,0.66,0.277,0.383,1.138,1.019,0.119,1.007,0.972,0.035,0.131,0.047,0.084
2018,1,Creighton,Kansas St,1,1,9017209,4,10,0.400,2,9,0.222,8.3,4.1,4.2,1.548,1.203,0.345,1.226,0.909,0.317,0.322,0.294,0.028,1.117,1.044,0.073,1.006,0.984,0.022,0.111,0.06,0.051
2018,1,Xavier,Texas Southern,0,15,13060660,4,6,0.667,0,4,0.000,9.6,-2.0,11.6,1.313,0.967,0.346,1.249,0.898,0.351,0.064,0.069,-0.005,1.136,1.033,0.103,1.007,1.059,-0.052,0.129,-0.026,0.155
2018,1,North Carolina,Lipscomb,0,13,24660258,5,11,0.455,0,2,0.000,8.3,1.7,6.6,1.509,0.959,0.55,1.064,0.994,0.07,0.445,-0.035,0.48,1.106,1.019,0.087,0.994,0.997,-0.003,0.112,0.022,0.09
2018,1,Michigan,Montana,0,11,20027574,4,7,0.571,0,0,0.000,9.6,8.5,1.1,1.518,1.023,0.495,1.183,1.075,0.108,0.335,-0.052,0.387,1.081,1.066,0.015,0.938,0.948,-0.01,0.143,0.118,0.025
2018,1,Gonzaga,UNC Greensboro,0,9,14723219,2,4,0.500,0,0,0.000,15.8,8.4,7.4,1.343,1.023,0.32,0.98,0.838,0.142,0.363,0.185,0.178,1.156,1.042,0.114,0.936,0.92,0.016,0.22,0.122,0.098
2018,1,Ohio St,South Dakota St,0,7,24056371,2,5,0.400,0,2,0.000,8.6,7.2,1.4,1.251,1.241,0.01,1.174,1.082,0.092,0.077,0.159,-0.082,1.09,1.115,-0.025,0.966,1.018,-0.052,0.124,0.097,0.027
2018,1,Houston,San Diego St,0,5,5314928,2,6,0.333,3,4,0.750,11.8,8.3,3.5,1.208,1.238,-0.03,0.743,0.821,-0.078,0.465,0.417,0.048,1.096,1.07,0.026,0.927,0.954,-0.027,0.169,0.116,0.053
2018,1,Texas A&M,Providence,0,3,9225600,4,7,0.571,3,8,0.375,4.7,0.9,3.8,1.13,1.128,0.002,0.943,1.083,-0.14,0.187,0.045,0.142,1.038,1.016,0.022,0.973,1.004,-0.031,0.065,0.012,0.053
2018,1,Missouri,Florida St,1,1,13772989,3,5,0.600,3,7,0.429,4.6,7.3,-2.7,0.956,1.147,-0.191,0.861,1.255,-0.394,0.095,-0.108,0.203,1.048,1.075,-0.027,0.981,0.977,0.004,0.067,0.098,-0.031
2018,1,Villanova,Radford,0,15,17605994,3,3,1.000,0,0,0.000,16.4,1.5,14.9,1.538,0.99,0.548,1.279,0.877,0.402,0.259,0.113,0.146,1.197,1.011,0.186,0.97,0.989,-0.019,0.227,0.022,0.205
2018,1,Purdue,Cal St Fullerton,0,13,9891222,3,6,0.500,0,2,0.000,14.7,0.1,14.6,1.499,0.838,0.661,1.245,0.834,0.411,0.254,0.004,0.25,1.152,0.996,0.156,0.941,0.995,-0.054,0.211,0.001,0.21
2018,1,Texas Tech,Stephen F Austin,0,11,9889275,6,10,0.600,0,0,0.000,9.8,9.1,0.7,1.115,0.895,0.22,0.966,0.863,0.103,0.149,0.032,0.117,1.059,1.048,0.011,0.92,0.925,-0.005,0.139,0.123,0.016
2018,1,Wichita St,Marshall,1,9,8106217,2,5,0.400,1,2,0.500,11.1,3.8,7.3,1.584,1.275,0.309,1.196,0.832,0.364,0.388,0.443,-0.055,1.144,1.062,0.082,0.99,1.014,-0.024,0.154,0.048,0.106
2018,1,West Virginia,Murray St,0,7,7282004,5,10,0.500,0,0,0.000,10.5,10.4,0.1,1.336,1.202,0.134,0.847,1.341,-0.494,0.489,-0.139,0.628,1.107,1.115,-0.008,0.962,0.965,-0.003,0.145,0.15,-0.005
2018,1,Florida,St Bonaventure,0,5,11460512,6,8,0.750,1,1,1.000,6.6,6.3,0.3,1.328,1.207,0.121,0.898,0.993,-0.095,0.43,0.214,0.216,1.069,1.07,-0.001,0.976,0.983,-0.007,0.093,0.087,0.006
2018,1,Arkansas,Butler,1,3,17275988,5,7,0.714,1,8,0.125,4.9,6.4,-1.5,1.315,1.251,0.064,0.736,1.1,-0.364,0.579,0.151,0.428,1.095,1.088,0.007,1.028,1,0.028,0.067,0.088,-0.021
2018,1,Virginia Tech,Alabama,1,1,13410392,4,7,0.571,6,8,0.750,7.6,1.7,5.9,1.372,0.893,0.479,1.143,0.839,0.304,0.229,0.054,0.175,1.113,1.008,0.105,1.006,0.985,0.021,0.107,0.023,0.084
2018,1,Kansas,Pennsylvania,0,15,18802173,6,9,0.667,0,1,0.000,9.5,5.4,4.1,1.423,1.259,0.164,0.788,1.286,-0.498,0.635,-0.027,0.662,1.132,1.03,0.102,1,0.956,0.044,0.132,0.074,0.058
2018,1,Duke,Iona,0,13,36412223,6,9,0.667,0,0,0.000,14.7,2.9,11.8,1.409,1.372,0.037,1.026,0.852,0.174,0.383,0.52,-0.137,1.158,1.073,0.085,0.956,1.034,-0.078,0.202,0.039,0.163
2018,1,Michigan St,Bucknell,0,11,21882125,3,5,0.600,0,1,0.000,15.3,7.9,7.4,1.46,1.156,0.304,1.338,1.39,-0.052,0.122,-0.234,0.356,1.147,1.083,0.064,0.928,0.977,-0.049,0.219,0.106,0.113
2018,1,Auburn,College of Charleston,0,9,11214964,2,2,1.000,0,1,0.000,8.7,5.1,3.6,1.17,1.08,0.09,0.86,0.842,0.018,0.31,0.238,0.072,1.094,1.085,0.009,0.978,1.01,-0.032,0.116,0.075,0.041
2018,1,Clemson,New Mexico St,0,7,11280040,3,7,0.429,1,2,0.500,7.9,2.5,5.4,1.118,1.135,-0.017,1.029,0.933,0.096,0.089,0.202,-0.113,1.065,1.058,0.007,0.95,0.915,0.035,0.115,0.143,-0.028
2018,1,TCU,Syracuse,1,5,16239880,2,9,0.222,1,8,0.125,6.7,2.9,3.8,1.468,0.859,0.609,0.891,1.51,-0.619,0.577,-0.651,1.228,1.128,0.997,0.131,1.036,0.954,0.082,0.092,0.043,0.049
2018,1,Rhode Island,Oklahoma,0,3,5459313,1,1,1.000,6,10,0.600,7.2,3.3,3.9,1.436,1.119,0.317,1.1,1.03,0.07,0.336,0.089,0.247,1.07,1.078,-0.008,0.969,1.036,-0.067,0.101,0.042,0.059
2018,1,Seton Hall,NC State,0,1,6301138,3,7,0.429,5,8,0.625,5.6,6.2,-0.6,1.22,1.328,-0.108,0.888,0.875,0.013,0.332,0.453,-0.121,1.087,1.097,-0.01,1.011,1.013,-0.002,0.076,0.084,-0.008
2018,2,Kansas St,UMBC,0,7,9083722,2,9,0.222,0,1,0.000,4.1,1.8,2.3,1.203,1.235,-0.032,0.909,1.181,-0.272,0.294,0.054,0.24,1.044,1.02,0.024,0.984,0.995,-0.011,0.06,0.025,0.035
2018,2,Cincinnati,Nevada,1,5,7465979,2,5,0.400,0,1,0.000,16.7,9.5,7.2,1.411,1.675,-0.264,1.091,1.015,0.076,0.32,0.66,-0.34,1.093,1.138,-0.045,0.847,1.007,-0.16,0.246,0.131,0.115
2018,2,Tennessee,Loyola Chicago,1,8,15978734,3,5,0.600,1,1,1.000,8.1,8.6,-0.5,1.303,1.222,0.081,0.674,1.048,-0.374,0.629,0.174,0.455,1.065,1.064,0.001,0.949,0.935,0.014,0.116,0.129,-0.013
2018,2,Kentucky,Buffalo,0,8,30743306,2,6,0.333,0,2,0.000,6.5,7.7,-1.2,1.017,1.338,-0.321,1.055,1.076,-0.021,-0.038,0.262,-0.3,1.075,1.11,-0.035,0.984,1.008,-0.024,0.091,0.102,-0.011
2018,2,Xavier,Florida St,1,8,13060660,4,6,0.667,3,7,0.429,9.6,7.3,2.3,1.313,1.147,0.166,1.249,1.255,-0.006,0.064,-0.108,0.172,1.136,1.075,0.061,1.007,0.977,0.03,0.129,0.098,0.031
2018,2,North Carolina,Texas A&M,1,5,24660258,5,11,0.455,4,7,0.571,8.3,4.7,3.6,1.509,1.13,0.379,1.064,0.943,0.121,0.445,0.187,0.258,1.106,1.038,0.068,0.994,0.973,0.021,0.112,0.065,0.047
2018,2,Michigan,Houston,0,3,20027574,4,7,0.571,2,6,0.333,9.6,11.8,-2.2,1.518,1.208,0.31,1.183,0.743,0.44,0.335,0.465,-0.13,1.081,1.096,-0.015,0.938,0.927,0.011,0.143,0.169,-0.026
2018,2,Gonzaga,Ohio St,0,1,14723219,2,4,0.500,2,5,0.400,15.8,8.6,7.2,1.343,1.251,0.092,0.98,1.174,-0.194,0.363,0.077,0.286,1.156,1.09,0.066,0.936,0.966,-0.03,0.22,0.124,0.096
2018,2,Villanova,Alabama,0,8,17605994,3,3,1.000,6,8,0.750,16.4,1.7,14.7,1.538,0.893,0.645,1.279,0.839,0.44,0.259,0.054,0.205,1.197,1.008,0.189,0.97,0.985,-0.015,0.227,0.023,0.204
2018,2,Purdue,Butler,0,8,9891222,3,6,0.500,1,8,0.125,14.7,6.4,8.3,1.499,1.251,0.248,1.245,1.1,0.145,0.254,0.151,0.103,1.152,1.088,0.064,0.941,1,-0.059,0.211,0.088,0.123
2018,2,Texas Tech,Florida,0,3,9889275,6,10,0.600,6,8,0.750,9.8,6.6,3.2,1.115,1.328,-0.213,0.966,0.898,0.068,0.149,0.43,-0.281,1.059,1.069,-0.01,0.92,0.976,-0.056,0.139,0.093,0.046
2018,2,West Virginia,Marshall,0,8,7282004,5,10,0.500,1,2,0.500,10.5,3.8,6.7,1.336,1.275,0.061,0.847,0.832,0.015,0.489,0.443,0.046,1.107,1.062,0.045,0.962,1.014,-0.052,0.145,0.048,0.097
2018,2,Kansas,Seton Hall,0,7,18802173,6,9,0.667,3,7,0.429,9.5,5.6,3.9,1.423,1.22,0.203,0.788,0.888,-0.1,0.635,0.332,0.303,1.132,1.087,0.045,1,1.011,-0.011,0.132,0.076,0.056
2018,2,Duke,Rhode Island,0,5,36412223,6,9,0.667,1,1,1.000,14.7,7.2,7.5,1.409,1.436,-0.027,1.026,1.1,-0.074,0.383,0.336,0.047,1.158,1.07,0.088,0.956,0.969,-0.013,0.202,0.101,0.101
2018,2,Michigan St,Syracuse,1,8,21882125,3,5,0.600,1,8,0.125,15.3,2.9,12.4,1.46,0.859,0.601,1.338,1.51,-0.172,0.122,-0.651,0.773,1.147,0.997,0.15,0.928,0.954,-0.026,0.219,0.043,0.176
2018,2,Auburn,Clemson,1,1,11214964,2,2,1.000,3,7,0.429,8.7,7.9,0.8,1.17,1.118,0.052,0.86,1.029,-0.169,0.31,0.089,0.221,1.094,1.065,0.029,0.978,0.95,0.028,0.116,0.115,0.001
2018,3,Kentucky,Kansas St,1,4,30743306,2,6,0.333,2,9,0.222,6.5,4.1,2.4,1.017,1.203,-0.186,1.055,0.909,0.146,-0.038,0.294,-0.332,1.075,1.044,0.031,0.984,0.984,0,0.091,0.06,0.031
2018,3,Nevada,Loyola Chicago,1,4,4746053,0,1,0.000,1,1,1.000,9.5,8.6,0.9,1.675,1.222,0.453,1.015,1.048,-0.033,0.66,0.174,0.486,1.138,1.064,0.074,1.007,0.935,0.072,0.131,0.129,0.002
2018,3,Gonzaga,Florida St,1,5,14723219,2,4,0.500,3,7,0.429,15.8,7.3,8.5,1.343,1.147,0.196,0.98,1.255,-0.275,0.363,-0.108,0.471,1.156,1.075,0.081,0.936,0.977,-0.041,0.22,0.098,0.122
2018,3,Michigan,Texas A&M,0,4,20027574,4,7,0.571,4,7,0.571,9.6,4.7,4.9,1.518,1.13,0.388,1.183,0.943,0.24,0.335,0.187,0.148,1.081,1.038,0.043,0.938,0.973,-0.035,0.143,0.065,0.078
2018,3,Villanova,West Virginia,0,4,17605994,3,3,1.000,5,10,0.500,16.4,10.5,5.9,1.538,1.336,0.202,1.279,0.847,0.432,0.259,0.489,-0.23,1.197,1.107,0.09,0.97,0.962,0.008,0.227,0.145,0.082
2018,3,Purdue,Texas Tech,1,1,9891222,3,6,0.500,6,10,0.600,14.7,9.8,4.9,1.499,1.115,0.384,1.245,0.966,0.279,0.254,0.149,0.105,1.152,1.059,0.093,0.941,0.92,0.021,0.211,0.139,0.072
2018,3,Kansas,Clemson,0,4,18802173,6,9,0.667,3,7,0.429,9.5,7.9,1.6,1.423,1.118,0.305,0.788,1.029,-0.241,0.635,0.089,0.546,1.132,1.065,0.067,1,0.95,0.05,0.132,0.115,0.017
2018,3,Duke,Syracuse,0,9,36412223,6,9,0.667,1,8,0.125,14.7,2.9,11.8,1.409,0.859,0.55,1.026,1.51,-0.484,0.383,-0.651,1.034,1.158,0.997,0.161,0.956,0.954,0.002,0.202,0.043,0.159
2018,4,Kansas St,Loyola Chicago,1,2,9083722,2,9,0.222,1,1,1.000,4.1,8.6,-4.5,1.203,1.222,-0.019,0.909,1.048,-0.139,0.294,0.174,0.12,1.044,1.064,-0.02,0.984,0.935,0.049,0.06,0.129,-0.069
2018,4,Michigan,Florida St,0,6,20027574,4,7,0.571,3,7,0.429,9.6,7.3,2.3,1.518,1.147,0.371,1.183,1.255,-0.072,0.335,-0.108,0.443,1.081,1.075,0.006,0.938,0.977,-0.039,0.143,0.098,0.045
2018,4,Villanova,Texas Tech,0,2,17605994,3,3,1.000,6,10,0.600,16.4,9.8,6.6,1.538,1.115,0.423,1.279,0.966,0.313,0.259,0.149,0.11,1.197,1.059,0.138,0.97,0.92,0.05,0.227,0.139,0.088
2018,4,Kansas,Duke,0,1,18802173,6,9,0.667,6,9,0.667,9.5,14.7,-5.2,1.423,1.409,0.014,0.788,1.026,-0.238,0.635,0.383,0.252,1.132,1.158,-0.026,1,0.956,0.044,0.132,0.202,-0.07
2018,5,Michigan,Loyola Chicago,0,8,20027574,4,7,0.571,1,1,1.000,9.6,8.6,1.0,1.518,1.222,0.296,1.183,1.048,0.135,0.335,0.174,0.161,1.081,1.064,0.017,0.938,0.935,0.003,0.143,0.129,0.014
2018,5,Villanova,Kansas,0,0,17605994,3,3,1.000,6,9,0.667,16.4,9.5,6.9,1.538,1.423,0.115,1.279,0.788,0.491,0.259,0.635,-0.376,1.197,1.132,0.065,0.97,1,-0.03,0.227,0.132,0.095
2018,6,Villanova,Michigan,0,2,17605994,3,3,1.000,4,7,0.571,16.4,9.6,6.8,1.538,1.518,0.02,1.279,1.183,0.096,0.259,0.335,-0.076,1.197,1.081,0.116,0.97,0.938,0.032,0.227,0.143,0.084
2019,1,Duke,North Dakota St,0,15,35489891,7,13,0.538,0,1,0.000,14.9,-1.9,16.8,1.242,1.063,0.179,0.885,1.295,-0.41,0.357,-0.232,0.589,1.105,1.059,0.046,0.905,1.087,-0.182,0.2,-0.028,0.228
2019,1,Michigan St,Bradley,0,13,23808250,10,11,0.909,0,0,0.000,12.6,0.8,11.8,1.452,0.967,0.485,1.181,0.971,0.21,0.271,-0.004,0.275,1.107,0.985,0.122,0.927,0.973,-0.046,0.18,0.012,0.168
2019,1,LSU,Yale,0,11,9965537,4,6,0.667,0,1,0.000,7.3,6.8,0.5,1,1.265,-0.265,0.785,1.136,-0.351,0.215,0.129,0.086,1.091,1.077,0.014,0.992,0.987,0.005,0.099,0.09,0.009
2019,1,Virginia Tech,St Louis,0,9,9886728,3,9,0.333,0,2,0.000,11.5,2.8,8.7,1.355,0.991,0.364,0.872,0.938,-0.066,0.483,0.053,0.43,1.114,0.974,0.14,0.94,0.932,0.008,0.174,0.042,0.132
2019,1,Mississippi St,Liberty,1,7,8030614,1,6,0.167,0,0,0.000,6.9,9.2,-2.3,1.062,1.264,-0.202,0.937,0.776,0.161,0.125,0.488,-0.363,1.098,1.083,0.015,1,0.945,0.055,0.098,0.138,-0.04
2019,1,Maryland,Belmont,0,5,14059425,4,9,0.444,0,0,0.000,5.9,11.7,-5.8,1.023,1.7,-0.677,1.299,1.018,0.281,-0.276,0.682,-0.958,1.051,1.14,-0.089,0.964,0.985,-0.021,0.087,0.155,-0.068
2019,1,Louisville,Minnesota,1,3,42759248,4,12,0.333,5,13,0.385,6.2,1.3,4.9,1.112,1.246,-0.134,1.034,1.136,-0.102,0.078,0.11,-0.032,1.053,1.011,0.042,0.965,0.993,-0.028,0.088,0.018,0.07
2019,1,VCU,Central Florida,1,1,8833917,0,1,0.000,2,3,0.667,9.1,7.8,1.3,0.983,1.117,-0.134,0.669,1.023,-0.354,0.314,0.094,0.22,0.995,1.043,-0.048,0.868,0.931,-0.063,0.127,0.112,0.015
2019,1,Gonzaga,Fairleigh Dickinson,0,15,16147924,1,3,0.333,0,0,0.000,22.8,1.2,21.6,1.678,1.004,0.674,0.725,0.993,-0.268,0.953,0.011,0.942,1.197,1.049,0.148,0.886,1.033,-0.147,0.311,0.016,0.295
2019,1,Michigan,Montana,0,13,21114322,7,10,0.700,0,0,0.000,11.3,6.5,4.8,1.533,1.212,0.321,0.869,0.814,0.055,0.664,0.398,0.266,1.045,1.084,-0.039,0.875,0.991,-0.116,0.17,0.093,0.077
2019,1,Texas Tech,Northern Kentucky,0,11,12382899,2,4,0.500,0,0,0.000,13.3,7.1,6.2,1.09,1.357,-0.267,0.635,0.972,-0.337,0.455,0.385,0.07,1.052,1.078,-0.026,0.86,0.98,-0.12,0.192,0.098,0.094
2019,1,Florida St,Vermont,0,9,16773013,5,10,0.500,0,1,0.000,7.7,9.1,-1.4,0.965,1.024,-0.059,0.698,0.835,-0.137,0.267,0.189,0.078,1.04,1.071,-0.031,0.933,0.937,-0.004,0.107,0.134,-0.027
2019,1,Marquette,Murray St,1,7,21856683,4,5,0.800,0,1,0.000,7.8,12.1,-4.3,0.976,1.39,-0.414,1.04,0.836,0.204,-0.064,0.554,-0.618,1.058,1.115,-0.057,0.951,0.949,0.002,0.107,0.166,-0.059
2019,1,Buffalo,Arizona St,0,5,3093556,1,2,0.500,2,3,0.667,12.9,4.2,8.7,1.376,0.985,0.391,0.68,0.943,-0.263,0.696,0.042,0.654,1.106,1.028,0.078,0.936,0.971,-0.035,0.17,0.057,0.113
2019,1,Nevada,Florida,1,3,4706010,1,1,1.000,2,10,0.200,13.3,4.2,9.1,1.415,1.04,0.375,0.915,0.738,0.177,0.5,0.302,0.198,1.107,1.013,0.094,0.923,0.95,-0.027,0.184,0.063,0.121
2019,1,Syracuse,Baylor,1,1,34567071,3,11,0.273,3,7,0.429,3.6,4.1,-0.5,0.965,1.061,-0.096,0.958,1.05,-0.092,0.007,0.011,-0.004,1.005,1.051,-0.046,0.953,0.99,-0.037,0.052,0.061,-0.009
2019,1,Virginia,Gardner Webb,0,15,13400721,8,11,0.727,0,1,0.000,15.3,1.8,13.5,1.591,1.137,0.454,0.818,1.103,-0.285,0.773,0.034,0.739,1.141,1.053,0.088,0.896,1.028,-0.132,0.245,0.025,0.22
2019,1,Tennessee,Colgate,0,13,17003826,3,7,0.429,0,0,0.000,11.4,5.1,6.3,1.591,1.179,0.412,0.985,1.08,-0.095,0.606,0.099,0.507,1.139,1.081,0.058,0.981,1.009,-0.028,0.158,0.072,0.086
2019,1,Purdue,Old Dominion,0,11,18017191,4,9,0.444,1,1,1.000,9.4,4.9,4.5,1.36,1.076,0.284,0.993,0.92,0.073,0.367,0.156,0.211,1.123,0.978,0.145,0.985,0.905,0.08,0.138,0.073,0.065
2019,1,Kansas St,UC Irvine,1,9,10733840,4,7,0.571,0,0,0.000,6.2,8.0,-1.8,1.205,1.1,0.105,0.778,0.858,-0.08,0.427,0.242,0.185,0.993,1.044,-0.051,0.9,0.928,-0.028,0.093,0.116,-0.023
2019,1,Wisconsin,Oregon,1,7,21701868,3,8,0.375,1,1,1.000,6.9,7.8,-0.9,1.315,1.133,0.182,0.91,0.851,0.059,0.405,0.282,0.123,1.018,1.038,-0.02,0.916,0.922,-0.006,0.102,0.116,-0.014
2019,1,Villanova,St Marys,0,5,14428932,3,6,0.500,1,4,0.250,6.4,8.2,-1.8,1.296,0.961,0.335,1.188,0.964,0.224,0.108,-0.003,0.111,1.098,1.103,-0.005,1.003,0.978,0.025,0.095,0.125,-0.03
2019,1,Cincinnati,Iowa,1,3,7644770,1,5,0.200,4,10,0.400,9.0,4.4,4.6,1.277,1.269,0.008,0.815,1.193,-0.378,0.462,0.076,0.386,1.07,1.085,-0.015,0.935,1.024,-0.089,0.135,0.061,0.074
2019,1,Ole Miss,Oklahoma,1,1,11224450,2,6,0.333,2,8,0.250,4.2,3.1,1.1,1.142,1.072,0.07,0.975,1.039,-0.064,0.167,0.033,0.134,1.055,1.001,0.054,0.996,0.957,0.039,0.059,0.044,0.015
2019,1,North Carolina,Iona,0,15,27076307,8,12,0.667,0,0,0.000,12.6,0.7,11.9,1.431,1.062,0.369,1.012,1.142,-0.13,0.419,-0.08,0.499,1.106,1.052,0.054,0.943,1.042,-0.099,0.163,0.01,0.153
2019,1,Kentucky,Abilene Christian,0,13,38829651,5,9,0.556,0,1,0.000,11.1,5.4,5.7,1.075,1.241,-0.166,0.911,0.703,0.208,0.164,0.538,-0.374,1.1,1.039,0.061,0.939,0.959,-0.02,0.161,0.08,0.081
2019,1,Houston,Georgia St,0,11,9219796,3,4,0.750,0,1,0.000,14.3,1.8,12.5,1.332,1.023,0.309,0.827,1.016,-0.189,0.505,0.007,0.498,1.092,1.037,0.055,0.885,1.012,-0.127,0.207,0.025,0.182
2019,1,Kansas,Northeastern,0,9,18974009,8,11,0.727,0,1,0.000,5.6,4.6,1.0,1.013,1.26,-0.247,1.04,1.052,-0.012,-0.027,0.208,-0.235,1.048,1.103,-0.055,0.971,1.035,-0.064,0.077,0.068,0.009
2019,1,Auburn,New Mexico St,0,7,15593947,3,8,0.375,0,1,0.000,9.9,12.4,-2.5,1.22,1.192,0.028,0.723,0.666,0.057,0.497,0.526,-0.029,1.115,1.127,-0.012,0.976,0.946,0.03,0.139,0.181,-0.042
2019,1,Iowa St,Ohio St,1,5,14670525,6,9,0.667,1,9,0.111,8.8,2.9,5.9,1.391,1.128,0.263,0.995,0.96,0.035,0.396,0.168,0.228,1.102,1.013,0.089,0.977,0.97,0.007,0.125,0.043,0.082
2019,1,Wofford,Seton Hall,0,3,1965358,0,3,0.000,4,7,0.571,13.1,1.9,11.2,1.313,1.085,0.228,0.881,0.941,-0.06,0.432,0.144,0.288,1.16,1.016,0.144,0.971,0.989,-0.018,0.189,0.027,0.162
2019,1,Utah St,Washington,1,1,4250996,1,3,0.333,0,3,0.000,11.1,5.0,6.1,1.319,0.875,0.444,0.949,0.813,0.136,0.37,0.062,0.308,1.088,1.009,0.079,0.934,0.936,-0.002,0.154,0.073,0.081
2019,2,Duke,Central Florida,0,8,35489891,7,13,0.538,2,3,0.667,14.9,7.8,7.1,1.242,1.117,0.125,0.885,1.023,-0.138,0.357,0.094,0.263,1.105,1.043,0.062,0.905,0.931,-0.026,0.2,0.112,0.088
2019,2,Michigan St,Minnesota,0,8,23808250,10,11,0.909,5,13,0.385,12.6,1.3,11.3,1.452,1.246,0.206,1.181,1.136,0.045,0.271,0.11,0.161,1.107,1.011,0.096,0.927,0.993,-0.066,0.18,0.018,0.162
2019,2,LSU,Maryland,0,3,9965537,4,6,0.667,4,9,0.444,7.3,5.9,1.4,1,1.023,-0.023,0.785,1.299,-0.514,0.215,-0.276,0.491,1.091,1.051,0.04,0.992,0.964,0.028,0.099,0.087,0.012
2019,2,Virginia Tech,Liberty,0,8,9886728,3,9,0.333,0,0,0.000,11.5,9.2,2.3,1.355,1.264,0.091,0.872,0.776,0.096,0.483,0.488,-0.005,1.114,1.083,0.031,0.94,0.945,-0.005,0.174,0.138,0.036
2019,2,Gonzaga,Baylor,0,8,16147924,1,3,0.333,3,7,0.429,22.8,4.1,18.7,1.678,1.061,0.617,0.725,1.05,-0.325,0.953,0.011,0.942,1.197,1.051,0.146,0.886,0.99,-0.104,0.311,0.061,0.25
2019,2,Michigan,Florida,0,8,21114322,7,10,0.700,2,10,0.200,11.3,4.2,7.1,1.533,1.04,0.493,0.869,0.738,0.131,0.664,0.302,0.362,1.045,1.013,0.032,0.875,0.95,-0.075,0.17,0.063,0.107
2019,2,Texas Tech,Buffalo,0,3,12382899,2,4,0.500,1,2,0.500,13.3,12.9,0.4,1.09,1.376,-0.286,0.635,0.68,-0.045,0.455,0.696,-0.241,1.052,1.106,-0.054,0.86,0.936,-0.076,0.192,0.17,0.022
2019,2,Florida St,Murray St,0,8,16773013,5,10,0.500,0,1,0.000,7.7,12.1,-4.4,0.965,1.39,-0.425,0.698,0.836,-0.138,0.267,0.554,-0.287,1.04,1.115,-0.075,0.933,0.949,-0.016,0.107,0.166,-0.059
2019,2,Virginia,Oklahoma,0,8,13400721,8,11,0.727,2,8,0.250,15.3,3.1,12.2,1.591,1.072,0.519,0.818,1.039,-0.221,0.773,0.033,0.74,1.141,1.001,0.14,0.896,0.957,-0.061,0.245,0.044,0.201
2019,2,Tennessee,Iowa,0,8,17003826,3,7,0.429,4,10,0.400,11.4,4.4,7.0,1.591,1.269,0.322,0.985,1.193,-0.208,0.606,0.076,0.53,1.139,1.085,0.054,0.981,1.024,-0.043,0.158,0.061,0.097
2019,2,Purdue,Villanova,0,3,18017191,4,9,0.444,3,6,0.500,9.4,6.4,3.0,1.36,1.296,0.064,0.993,1.188,-0.195,0.367,0.108,0.259,1.123,1.098,0.025,0.985,1.003,-0.018,0.138,0.095,0.043
2019,2,Oregon,UC Irvine,0,1,10918131,1,1,1.000,0,0,0.000,7.8,8.0,-0.2,1.133,1.1,0.033,0.851,0.858,-0.007,0.282,0.242,0.04,1.038,1.044,-0.006,0.922,0.928,-0.006,0.116,0.116,0
2019,2,North Carolina,Washington,0,8,27076307,8,12,0.667,0,3,0.000,12.6,5.0,7.6,1.431,0.875,0.556,1.012,0.813,0.199,0.419,0.062,0.357,1.106,1.009,0.097,0.943,0.936,0.007,0.163,0.073,0.09
2019,2,Kentucky,Wofford,0,5,38829651,5,9,0.556,0,3,0.000,11.1,13.1,-2.0,1.075,1.313,-0.238,0.911,0.881,0.03,0.164,0.432,-0.268,1.1,1.16,-0.06,0.939,0.971,-0.032,0.161,0.189,-0.028
2019,2,Houston,Ohio St,0,8,9219796,3,4,0.750,1,9,0.111,14.3,2.9,11.4,1.332,1.128,0.204,0.827,0.96,-0.133,0.505,0.168,0.337,1.092,1.013,0.079,0.885,0.97,-0.085,0.207,0.043,0.164
2019,2,Kansas,Auburn,1,1,18974009,8,11,0.727,3,8,0.375,5.6,9.9,-4.3,1.013,1.22,-0.207,1.04,0.723,0.317,-0.027,0.497,-0.524,1.048,1.115,-0.067,0.971,0.976,-0.005,0.077,0.139,-0.062
2019,3,Duke,Virginia Tech,0,3,35489891,7,13,0.538,3,9,0.333,14.9,11.5,3.4,1.242,1.355,-0.113,0.885,0.872,0.013,0.357,0.483,-0.126,1.105,1.114,-0.009,0.905,0.94,-0.035,0.2,0.174,0.026
2019,3,Michigan St,LSU,0,1,23808250,10,11,0.909,4,6,0.667,12.6,7.3,5.3,1.452,1,0.452,1.181,0.785,0.396,0.271,0.215,0.056,1.107,1.091,0.016,0.927,0.992,-0.065,0.18,0.099,0.081
2019,3,Gonzaga,Florida St,0,3,16147924,1,3,0.333,5,10,0.500,22.8,7.7,15.1,1.678,0.965,0.713,0.725,0.698,0.027,0.953,0.267,0.686,1.197,1.04,0.157,0.886,0.933,-0.047,0.311,0.107,0.204
2019,3,Michigan,Texas Tech,1,1,21114322,7,10,0.700,2,4,0.500,11.3,13.3,-2.0,1.533,1.09,0.443,0.869,0.635,0.234,0.664,0.455,0.209,1.045,1.052,-0.007,0.875,0.86,0.015,0.17,0.192,-0.022
2019,3,Virginia,Oregon,0,11,13400721,8,11,0.727,1,1,1.000,15.3,7.8,7.5,1.591,1.133,0.458,0.818,0.851,-0.033,0.773,0.282,0.491,1.141,1.038,0.103,0.896,0.922,-0.026,0.245,0.116,0.129
2019,3,Tennessee,Purdue,1,1,17003826,3,7,0.429,4,9,0.444,11.4,9.4,2.0,1.591,1.36,0.231,0.985,0.993,-0.008,0.606,0.367,0.239,1.139,1.123,0.016,0.981,0.985,-0.004,0.158,0.138,0.02
2019,3,North Carolina,Auburn,1,4,27076307,8,12,0.667,3,8,0.375,12.6,9.9,2.7,1.431,1.22,0.211,1.012,0.723,0.289,0.419,0.497,-0.078,1.106,1.115,-0.009,0.943,0.976,-0.033,0.163,0.139,0.024
2019,3,Kentucky,Houston,0,1,38829651,5,9,0.556,3,4,0.750,11.1,14.3,-3.2,1.075,1.332,-0.257,0.911,0.827,0.084,0.164,0.505,-0.341,1.1,1.092,0.008,0.939,0.885,0.054,0.161,0.207,-0.046
2019,4,Duke,Michigan St,1,1,35489891,7,13,0.538,10,11,0.909,14.9,12.6,2.3,1.242,1.452,-0.21,0.885,1.181,-0.296,0.357,0.271,0.086,1.105,1.107,-0.002,0.905,0.927,-0.022,0.2,0.18,0.02
2019,4,Gonzaga,Texas Tech,1,2,16147924,1,3,0.333,2,4,0.500,22.8,13.3,9.5,1.678,1.09,0.588,0.725,0.635,0.09,0.953,0.455,0.498,1.197,1.052,0.145,0.886,0.86,0.026,0.311,0.192,0.119
2019,4,Virginia,Purdue,0,2,13400721,8,11,0.727,4,9,0.444,15.3,9.4,5.9,1.591,1.36,0.231,0.818,0.993,-0.175,0.773,0.367,0.406,1.141,1.123,0.018,0.896,0.985,-0.089,0.245,0.138,0.107
2019,4,Kentucky,Auburn,1,3,38829651,5,9,0.556,3,8,0.375,11.1,9.9,1.2,1.075,1.22,-0.145,0.911,0.723,0.188,0.164,0.497,-0.333,1.1,1.115,-0.015,0.939,0.976,-0.037,0.161,0.139,0.022
2019,5,Michigan St,Texas Tech,1,1,23808250,10,11,0.909,2,4,0.500,12.6,13.3,-0.7,1.452,1.09,0.362,1.181,0.635,0.546,0.271,0.455,-0.184,1.107,1.052,0.055,0.927,0.86,0.067,0.18,0.192,-0.012
2019,5,Virginia,Auburn,0,4,13400721,8,11,0.727,3,8,0.375,15.3,9.9,5.4,1.591,1.22,0.371,0.818,0.723,0.095,0.773,0.497,0.276,1.141,1.115,0.026,0.896,0.976,-0.08,0.245,0.139,0.106
2019,6,Virginia,Texas Tech,0,2,13400721,8,11,0.727,2,4,0.500,15.3,13.3,2.0,1.591,1.09,0.501,0.818,0.635,0.183,0.773,0.455,0.318,1.141,1.052,0.089,0.896,0.86,0.036,0.245,0.192,0.053
2023,1,Alabama,Texas A&M CC,0,15,19047972,7,11,0.636,0,1,0.000,13.5,4.5,9,1.084,1.158,-0.074,0.839,0.993,-0.154,0.245,0.165,0.08,1.074,1.073,0.001,0.896,1.012,-0.116,0.178,0.061,0.117
2023,1,Arizona,Princeton,1,13,23287417,5,7,0.714,0,0,0.000,10.7,5.7,5,1.415,1.138,0.277,1.028,1.106,-0.078,0.387,0.032,0.355,1.103,1.061,0.042,0.958,0.979,-0.021,0.145,0.082,0.063
2023,1,Baylor,UCSB,0,11,13308914,5,10,0.500,0,0,0.000,6.8,5.3,1.5,1.169,1.239,-0.07,1.124,0.96,0.164,0.045,0.279,-0.234,1.105,1.065,0.04,1.008,0.985,0.023,0.097,0.08,0.017
2023,1,Virginia,Furman,1,9,14598575,3,6,0.500,0,0,0.000,7.3,7.8,-0.5,1.847,1.465,0.382,0.933,0.91,0.023,0.914,0.555,0.359,1.058,1.124,-0.066,0.944,1.013,-0.069,0.114,0.111,0.003
2023,1,San Diego State,College of Charleston,0,7,9712945,0,2,0.000,0,1,0.000,6.9,12.4,-5.5,1.091,1.126,-0.035,0.821,0.842,-0.021,0.27,0.284,-0.014,1.032,1.093,-0.061,0.931,0.923,0.008,0.101,0.17,-0.069
2023,1,Creighton,NC State,0,5,13170033,5,12,0.417,2,4,0.500,8,6.9,1.1,1.354,1.353,0.001,1.226,0.875,0.351,0.128,0.478,-0.35,1.08,1.087,-0.007,0.967,0.99,-0.023,0.113,0.097,0.016
2023,1,Missouri,Utah State,0,3,12245894,6,10,0.600,0,2,0.000,4.5,7.4,-2.9,1.431,1.355,0.076,0.861,1.075,-0.214,0.57,0.28,0.29,1.099,1.095,0.004,1.036,0.99,0.046,0.063,0.105,-0.042
2023,1,Maryland,West Virginia,0,1,13543625,5,9,0.556,4,12,0.333,6.2,5.1,1.1,1.067,1.002,0.065,0.923,0.847,0.076,0.144,0.155,-0.011,1.057,1.068,-0.011,0.962,0.997,-0.035,0.095,0.071,0.024
2023,1,Purdue,Fairleigh Dickinson,1,15,18911360,3,5,0.600,0,0,0.000,9.9,0.9,9,1.397,1.235,0.162,1.245,1.029,0.216,0.152,0.206,-0.054,1.102,1.063,0.039,0.952,1.051,-0.099,0.15,0.012,0.138
2023,1,Marquette,Vermont,0,13,23422126,7,9,0.778,0,0,0.000,9.1,4.8,4.3,1.617,1.463,0.154,0.937,1.014,-0.077,0.68,0.449,0.231,1.105,1.072,0.033,0.979,1.001,-0.022,0.126,0.071,0.055
2023,1,Kansas State,Montana State,0,11,10163782,5,12,0.417,0,1,0.000,6.3,3.6,2.7,1.224,0.990,0.234,0.909,0.698,0.211,0.315,0.292,0.023,1.038,1.027,0.011,0.952,0.974,-0.022,0.086,0.053,0.033
2023,1,Tennessee,Lousiana,0,9,16069180,5,8,0.625,0,1,0.000,12.9,4.8,8.1,1.394,1.13,0.264,0.674,0.872,-0.198,0.72,0.258,0.462,1.046,1.068,-0.022,0.856,1,-0.144,0.19,0.068,0.122
2023,1,Duke,Oral Roberts,0,7,45108538,4,8,0.500,0,1,0.000,8.4,11.4,-3,1.218,1.522,-0.304,1.026,0.976,0.05,0.192,0.546,-0.354,1.072,1.132,-0.06,0.947,0.973,-0.026,0.125,0.159,-0.034
2023,1,Kentucky,Providence,0,5,22667255,2,6,0.333,2,8,0.250,6.7,6.3,0.4,1.28,1.245,0.035,1.055,1.083,-0.028,0.225,0.162,0.063,1.079,1.087,-0.008,0.982,0.998,-0.016,0.097,0.089,0.008
2023,1,Michigan State,USC,0,3,26270974,4,8,0.500,2,6,0.333,3,5.1,-2.1,1.343,1.085,0.258,1.338,1.067,0.271,0.005,0.018,-0.013,1.044,1.028,0.016,1,0.956,0.044,0.044,0.072,-0.028
2023,1,Memphis,Florida Atlantic,1,1,13735823,2,5,0.400,0,0,0.000,7.6,11.6,-4,1.169,1.212,-0.043,0.885,0.685,0.2,0.284,0.527,-0.243,1.06,1.102,-0.042,0.959,0.936,0.023,0.101,0.166,-0.065
2023,1,Houston,Northern Kentucky,0,15,9764326,1,2,0.500,0,0,0.000,17.4,2.1,15.3,1.474,1.166,0.308,0.743,0.925,-0.182,0.731,0.241,0.49,1.124,1.016,0.108,0.863,0.984,-0.121,0.261,0.032,0.229
2023,1,Texas,Colgate,0,13,23637212,8,15,0.533,0,1,0.000,10.1,8.1,2,1.399,1.761,-0.362,0.708,1.211,-0.503,0.691,0.55,0.141,1.081,1.125,-0.044,0.94,1.008,-0.068,0.141,0.117,0.024
2023,1,Xavier,Kennesaw State,0,11,16067816,6,11,0.545,0,1,0.000,6.9,2.7,4.2,1.536,1.123,0.413,1.249,0.86,0.389,0.287,0.263,0.024,1.099,1.025,0.074,1.006,0.988,0.018,0.093,0.037,0.056
2023,1,Indiana,Kent State,0,9,25955324,5,7,0.714,0,2,0.000,6.1,8.8,-2.7,1.323,1.075,0.248,1.043,0.733,0.31,0.28,0.342,-0.062,1.069,1.055,0.014,0.982,0.932,0.05,0.087,0.123,-0.036
2023,1,Miami,Drake,0,7,9978355,3,4,0.750,1,1,1.000,7.1,9,-1.9,1.305,1.244,0.061,1.164,0.855,0.309,0.141,0.389,-0.248,1.12,1.057,0.063,1.019,0.928,0.091,0.101,0.129,-0.028
2023,1,Iowa State,Pittsburgh,1,5,15676249,9,14,0.643,3,7,0.429,5,5.4,-0.4,1.07,1.273,-0.203,0.712,1.18,-0.468,0.358,0.093,0.265,0.999,1.08,-0.081,0.926,1.003,-0.077,0.073,0.077,-0.004
2023,1,Texas A&M,Penn State,1,3,12877530,4,5,0.800,3,6,0.500,6.3,4,2.3,1.023,1.53,-0.507,0.943,1.621,-0.678,0.08,-0.091,0.171,1.061,1.088,-0.027,0.968,1.028,-0.06,0.093,0.06,0.033
2023,1,Iowa,Auburn,1,1,14301250,3,5,0.600,2,5,0.400,5.4,5.1,0.3,1.665,1.157,0.508,1.127,0.86,0.267,0.538,0.297,0.241,1.115,1.03,0.085,1.04,0.958,0.082,0.075,0.072,0.003
2023,1,Kansas,Howard,0,15,17126971,5,13,0.385,0,1,0.000,7.4,0.1,7.3,1.329,0.887,0.442,0.788,0.843,-0.055,0.541,0.044,0.497,1.046,1.001,0.045,0.944,1,-0.056,0.102,0.001,0.101
2023,1,UCLA,UNC Asheville,0,13,12891320,3,7,0.429,0,1,0.000,13.5,2.6,10.9,1.45,0.887,0.563,0.712,0.971,-0.259,0.738,-0.084,0.822,1.078,1.016,0.062,0.882,0.979,-0.097,0.196,0.037,0.159
2023,1,Gonzaga,Grand Canyon,0,11,17060871,4,8,0.500,0,0,0.000,10.9,3.2,7.7,1.495,0.96,0.535,0.98,1.057,-0.077,0.515,-0.097,0.612,1.162,1.054,0.108,1.013,1.008,0.005,0.149,0.046,0.103
2023,1,UConn,Iona,0,9,24055088,3,7,0.429,0,0,0.000,14.4,10.4,4,1.36,1.425,-0.065,0.724,0.852,-0.128,0.636,0.573,0.063,1.12,1.082,0.038,0.914,0.934,-0.02,0.206,0.148,0.058
2023,1,Saint Marys,VCU,0,7,5077952,1,5,0.200,0,0,0.000,10.2,7.9,2.3,1.176,0.974,0.202,0.65,0.708,-0.058,0.526,0.266,0.26,1.071,1.014,0.057,0.915,0.901,0.014,0.156,0.113,0.043
2023,1,TCU,Arizona State,0,5,12670472,6,13,0.462,2,6,0.333,6.8,3.1,3.7,1.358,1.22,0.138,0.891,0.907,-0.016,0.467,0.313,0.154,1.038,0.991,0.047,0.943,0.948,-0.005,0.095,0.043,0.052
2023,1,Northwestern,Boise State,0,3,12188897,3,5,0.600,1,2,0.500,5,6.6,-1.6,1.327,0.989,0.338,0.966,0.913,0.053,0.361,0.076,0.285,1.011,1.04,-0.029,0.937,0.944,-0.007,0.074,0.096,-0.022
2023,1,Arkansas,Illinois,0,1,24094372,2,10,0.200,5,9,0.556,6.1,7.2,-1.1,1.009,0.96,0.049,0.736,0.823,-0.087,0.273,0.137,0.136,1.027,1.036,-0.009,0.942,0.936,0.006,0.085,0.1,-0.015
2023,2,Alabama,Maryland,0,7,19047972,7,11,0.636,5,9,0.556,13.5,6.2,7.3,1.084,1.067,0.017,0.839,0.923,-0.084,0.245,0.144,0.101,1.074,1.057,0.017,0.896,0.962,-0.066,0.178,0.095,0.083
2023,2,Missouri,Princeton,1,8,12245894,6,10,0.600,0,0,0.000,4.5,5.7,-1.2,1.431,1.138,0.293,0.861,1.106,-0.245,0.57,0.032,0.538,1.099,1.061,0.038,1.036,0.979,0.057,0.063,0.082,-0.019
2023,2,Baylor,Creighton,1,3,13308914,5,10,0.500,5,12,0.417,6.8,8,-1.2,1.169,1.354,-0.185,1.124,1.226,-0.102,0.045,0.128,-0.083,1.105,1.08,0.025,1.008,0.967,0.041,0.097,0.113,-0.016
2023,2,San Diego State,Furman,0,8,9712945,0,2,0.000,0,0,0.000,6.9,7.8,-0.9,1.091,1.465,-0.374,0.821,0.91,-0.089,0.27,0.555,-0.285,1.032,1.124,-0.092,0.931,1.013,-0.082,0.101,0.111,-0.01
2023,2,Florida Atlantic,Fairleigh Dickinson,0,7,2694834,0,0,0.000,0,0,0.000,11.6,0.9,10.7,1.212,1.235,-0.023,0.685,1.029,-0.344,0.527,0.206,0.321,1.102,1.063,0.039,0.936,1.051,-0.115,0.166,0.012,0.154
2023,2,Marquette,Michigan State,1,5,23422126,7,9,0.778,4,8,0.500,9.1,3,6.1,1.617,1.343,0.274,0.937,1.338,-0.401,0.68,0.005,0.675,1.105,1.044,0.061,0.979,1,-0.021,0.126,0.044,0.082
2023,2,Kansas State,Kentucky,0,3,10163782,5,12,0.417,2,6,0.333,6.3,6.7,-0.4,1.224,1.28,-0.056,0.909,1.055,-0.146,0.315,0.225,0.090,1.038,1.079,-0.041,0.952,0.982,-0.030,0.086,0.097,-0.011
2023,2,Tennessee,Duke,0,1,16069180,5,8,0.625,4,8,0.500,12.9,8.4,4.5,1.394,1.218,0.176,0.674,1.026,-0.352,0.72,0.192,0.528,1.046,1.072,-0.026,0.856,0.947,-0.091,0.19,0.125,0.065
2023,2,Houston,Auburn,0,8,9764326,1,2,0.500,2,5,0.400,17.4,5.1,12.3,1.474,1.157,0.317,0.743,0.86,-0.117,0.731,0.297,0.434,1.124,1.03,0.094,0.863,0.958,-0.095,0.261,0.072,0.189
2023,2,Texas,Penn State,0,8,23637212,8,15,0.533,3,6,0.500,10.1,4,6.1,1.399,1.53,-0.131,0.708,1.621,-0.913,0.691,-0.091,0.782,1.081,1.088,-0.007,0.94,1.028,-0.088,0.141,0.06,0.081
2023,2,Xavier,Pittsburgh,0,8,16067816,6,11,0.545,3,7,0.429,6.9,5.4,1.5,1.536,1.273,0.263,1.249,1.18,0.069,0.287,0.093,0.194,1.099,1.08,0.019,1.006,1.003,0.003,0.093,0.077,0.016
2023,2,Indiana,Miami,1,1,25955324,5,7,0.714,3,4,0.750,6.1,7.1,-1,1.323,1.305,0.018,1.043,1.164,-0.121,0.28,0.141,0.139,1.069,1.12,-0.051,0.982,1.019,-0.037,0.087,0.101,-0.014
2023,2,Kansas,Arkansas,1,7,17126971,5,13,0.385,2,10,0.200,7.4,6.1,1.3,1.329,1.009,0.32,0.788,0.736,0.052,0.541,0.273,0.268,1.046,1.027,0.019,0.944,0.942,0.002,0.102,0.085,0.017
2023,2,UCLA,Northwestern,0,5,12891320,3,7,0.429,3,5,0.600,13.5,5,8.5,1.45,1.327,0.123,0.712,0.966,-0.254,0.738,0.361,0.377,1.078,1.011,0.067,0.882,0.937,-0.055,0.196,0.074,0.122
2023,2,Gonzaga,TCU,0,3,17060871,4,8,0.500,6,13,0.462,10.9,6.8,4.1,1.495,1.358,0.137,0.98,0.891,0.089,0.515,0.467,0.048,1.162,1.038,0.124,1.013,0.943,0.07,0.149,0.095,0.054
2023,2,UConn,Saint Marys,0,1,24055088,3,7,0.429,1,5,0.200,14.4,10.2,4.2,1.36,1.176,0.184,0.724,0.65,0.074,0.636,0.526,0.11,1.12,1.071,0.049,0.914,0.915,-0.001,0.206,0.156,0.05
2023,3,Alabama,San Diego State,1,4,19047972,7,11,0.636,0,2,0.000,13.5,6.9,6.6,1.084,1.091,-0.007,0.839,0.821,0.018,0.245,0.27,-0.025,1.074,1.032,0.042,0.896,0.931,-0.035,0.178,0.101,0.077
2023,3,Creighton,Princeton,0,9,13170033,5,12,0.417,0,0,0.000,8,5.7,2.3,1.354,1.138,0.216,1.226,1.106,0.12,0.128,0.032,0.096,1.08,1.061,0.019,0.967,0.979,-0.012,0.113,0.082,0.031
2023,3,Tennessee,Florida Atlantic,1,5,16069180,5,8,0.625,0,0,0.000,12.9,11.6,1.3,1.394,1.212,0.182,0.674,0.685,-0.011,0.72,0.527,0.193,1.046,1.102,-0.056,0.856,0.936,-0.08,0.19,0.166,0.024
2023,3,Kansas State,Michigan State,0,4,10163782,5,12,0.417,4,8,0.500,6.3,3,3.3,1.224,1.343,-0.119,0.909,1.338,-0.429,0.315,0.005,0.310,1.038,1.044,-0.006,0.952,1,-0.048,0.086,0.044,0.042
2023,3,Houston,Miami,1,4,9764326,1,2,0.500,3,4,0.750,17.4,7.1,10.3,1.474,1.305,0.169,0.743,1.164,-0.421,0.731,0.141,0.59,1.124,1.12,0.004,0.863,1.019,-0.156,0.261,0.101,0.16
2023,3,Texas,Xavier,0,1,23637212,8,15,0.533,6,11,0.545,10.1,6.9,3.2,1.399,1.536,-0.137,0.708,1.249,-0.541,0.691,0.287,0.404,1.081,1.099,-0.018,0.94,1.006,-0.066,0.141,0.093,0.048
2023,3,UConn,Arkansas,0,4,24055088,3,7,0.429,2,10,0.200,14.4,6.1,8.3,1.36,1.009,0.351,0.724,0.736,-0.012,0.636,0.273,0.363,1.12,1.027,0.093,0.914,0.942,-0.028,0.206,0.085,0.121
2023,3,UCLA,Gonzaga,1,1,12891320,3,7,0.429,4,8,0.500,13.5,10.9,2.6,1.45,1.495,-0.045,0.712,0.98,-0.268,0.738,0.515,0.223,1.078,1.162,-0.084,0.882,1.013,-0.131,0.196,0.149,0.047
2023,4,San Diego State,Creighton,0,1,9712945,0,2,0.000,5,12,0.417,6.9,8,-1.1,1.091,1.354,-0.263,0.821,1.226,-0.405,0.27,0.128,0.142,1.032,1.08,-0.048,0.931,0.967,-0.036,0.101,0.113,-0.012
2023,4,Kansas State,Florida Atlantic,1,6,10163782,5,12,0.417,0,0,0.000,6.3,11.6,-5.3,1.224,1.212,0.012,0.909,0.685,0.224,0.315,0.527,-0.212,1.038,1.102,-0.064,0.952,0.936,0.016,0.086,0.166,-0.080
2023,4,Texas,Miami,1,3,23637212,8,15,0.533,3,4,0.750,10.1,7.1,3,1.399,1.305,0.094,0.708,1.164,-0.456,0.691,0.141,0.55,1.081,1.12,-0.039,0.94,1.019,-0.079,0.141,0.101,0.04
2023,4,Gonzaga,UConn,1,1,17060871,4,8,0.500,3,7,0.429,10.9,14.4,-3.5,1.495,1.36,0.135,0.98,0.724,0.256,0.515,0.636,-0.121,1.162,1.12,0.042,1.013,0.914,0.099,0.149,0.206,-0.057
2023,5,San Diego State,Florida Atlantic,0,4,9712945,0,2,0.000,0,0,0.000,6.9,11.6,-4.7,1.091,1.212,-0.121,0.821,0.685,0.136,0.27,0.527,-0.257,1.032,1.102,-0.07,0.931,0.936,-0.005,0.101,0.166,-0.065
2023,5,UConn,Miami,0,1,24055088,3,7,0.429,3,4,0.750,14.4,7.1,7.3,1.36,1.305,0.055,0.724,1.164,-0.44,0.636,0.141,0.495,1.12,1.032,0.088,0.914,1.019,-0.105,0.206,0.013,0.193
2023,6,UConn,San Diego State,0,1,24055088,3,7,0.429,0,2,0.000,14.4,6.9,7.5,1.36,1.091,0.269,0.724,0.821,-0.097,0.636,0.27,0.366,1.12,1.032,0.088,0.914,0.931,-0.017,0.206,0.101,0.105